Player,Country,CareerBatImpact,CareerBowlImpact,MatchesPlayed,TotalImpact,BatImpactperGame,BatImpactperGame_Z,BowlImpactperGame,BowlImpactperGame_Z,TotalImpactperGame,TotalImpactperGame_Z
Abhishek Sharma ,IND,152.7003328,19.03333333,22,171.7336661,6.940924216,3.590740291,0.865151515,-0.214236867,7.806075731,3.376503424
Rashid Khan ,AFG,67.25538847,525.4916667,86,592.7470551,0.782039401,-0.004036371,6.110368217,2.636536523,6.892407618,2.632500153
SR Watson ,AUS,218.1469185,143.2341423,58,361.3810608,3.761153766,1.73479316,2.469554178,0.657755403,6.230707945,2.392548563
Shakib Al Hasan ,BAN,237.1193385,421.3821598,112,658.5014984,2.117136951,0.77522443,3.762340713,1.36038442,5.879477664,2.13560885
PW Hasaranga ,SL,49.94655467,404.7333333,78,454.679888,0.640340444,-0.086742269,5.188888889,2.13571284,5.829229333,2.048970571
Shahid Afridi ,PAK,212.2727913,315.3544118,94,527.6272031,2.258221184,0.857571531,3.354834168,1.138904759,5.613055352,1.99647629
Abbas Afridi ,PAK,12.16872711,115.6392918,24,127.8080189,0.507030296,-0.164551844,4.818303825,1.934299991,5.325334121,1.769748147
JP Faulkner ,AUS,13.6693363,109.8835327,24,123.552869,0.569555679,-0.128057447,4.578480529,1.803956116,5.148036208,1.675898669
JH Kallis ,RSA,83.38855314,35.1,24,118.4885531,3.474523048,1.567494461,1.4625,0.110421819,4.937023048,1.67791628
HH Pandya ,IND,309.4587042,246.9654762,113,556.4241804,2.738572604,1.137939832,2.185535188,0.503391184,4.924107792,1.641331016
D Pretorius ,RSA,44.86159951,100.5025786,30,145.3641781,1.49538665,0.412325377,3.350085953,1.136324106,4.845472603,1.548649482
Imad Wasim ,PAK,58.82457787,275.4333333,69,334.2579112,0.852530114,0.037107177,3.99178744,1.485088633,4.844317554,1.52219581
GJ Maxwell ,AUS,451.0408208,97.01089744,120,548.0517183,3.758673507,1.733345499,0.808424145,-0.245068172,4.567097652,1.488277327
SB Styris ,NZL,66.80708157,63.825,29,130.6320816,2.303692468,0.884111906,2.200862069,0.511721338,4.504554537,1.395833244
Mohammad Hafeez ,PAK,299.9006849,211.6321429,114,511.5328277,2.630707762,1.074982003,1.856422306,0.324518451,4.487130068,1.399500454
Harbhajan Singh ,IND,13.99805195,102.6583333,26,116.6563853,0.538386613,-0.146249999,3.948397436,1.461506182,4.486784049,1.315256183
Yuvraj Singh ,IND,164.3535409,85.16666667,56,249.5202076,2.934884659,1.252521938,1.520833333,0.142125965,4.455717992,1.394647904
IK Pathan ,IND,19.66577381,82.80833333,23,102.4741071,0.855033644,0.03856842,3.600362319,1.272349221,4.455395963,1.310917641
Mohammad Nabi ,AFG,246.7685446,208.0571429,103,454.8256875,2.395811113,0.937879099,2.019972261,0.413407793,4.415783373,1.351286892
GF Linde ,RSA,23.1242674,72.94166667,22,96.06593407,1.051103064,0.153008907,3.315530303,1.117543123,4.366633367,1.270552029
D Wiese ,RSA,12.64893648,73.92261905,20,86.57155553,0.632446824,-0.091349565,3.696130952,1.324399439,4.328577776,1.233049874
Hasan Ali ,PAK,26.76369048,187.9194011,50,214.6830916,0.53527381,-0.148066859,3.758388022,1.358236134,4.293661832,1.210169274
MR Adair ,IRE,23.92770172,190.3920619,50,214.3197636,0.478554034,-0.181172678,3.807841238,1.385113939,4.286395273,1.203941261
Mohammad Nawaz (3) ,PAK,74.27452675,209.4916667,67,283.7661934,1.108575026,0.186553757,3.126741294,1.014936364,4.23531632,1.201490121
AR Patel ,IND,77.78381831,232.9717391,74,310.7555574,1.05113268,0.153026193,3.148266745,1.026635439,4.199399425,1.179661632
MJ Santner ,NZL,58.84166974,366.0148781,103,424.8565478,0.571278347,-0.127051972,3.553542506,1.246902669,4.124820853,1.119850697
R Ashwin ,IND,25.16317641,229.4601449,62,254.6233213,0.405857684,-0.223603597,3.700970079,1.327029502,4.106827763,1.103425905
DJ Hooda ,IND,52.89556989,32.21029412,21,85.105864,2.518836661,1.009685828,1.533823529,0.149186132,4.052660191,1.15887196
J Botha ,RSA,28.10957792,128.8977273,39,157.0073052,0.720758408,-0.03980445,3.30506993,1.111857914,4.025828338,1.072053463
JO Holder ,WI,81.33084335,215.2752748,74,296.6061181,1.099065451,0.181003272,2.909125334,0.896662168,4.008190785,1.07766544
Shadab Khan ,PAK,90.71501325,311.4503623,101,402.1653756,0.898168448,0.063745054,3.083666954,0.991525476,3.981835402,1.05527053
MN Samuels ,WI,205.8876935,55.125,66,261.0126935,3.119510507,1.360283118,0.835227273,-0.230500682,3.95473778,1.129782436
SN Thakur ,IND,13.6547619,84.94166667,25,98.59642857,0.546190476,-0.141695092,3.397666667,1.162184207,3.943857143,1.020489114
DJ Hussey ,AUS,78.80765954,74.92628205,39,153.7339416,2.020709219,0.718942137,1.921186719,0.359717886,3.941895938,1.078660023
Mohammad Saifuddin ,BAN,31.16793223,120.5952899,39,151.7632221,0.79917775,0.005966826,3.092186919,0.996156074,3.891364669,1.0021229
DJ Willey ,ENG,16.77198455,148.2809524,43,165.0529369,0.390046152,-0.232832366,3.448394241,1.189754625,3.838440394,0.956922259
DJ Bravo ,WI,128.9452577,217.1916667,91,346.1369244,1.416980854,0.366562006,2.386721612,0.612735933,3.803702466,0.979297939
ST Jayasuriya ,SL,59.00944258,51.05909091,29,110.0685335,2.034808365,0.727171432,1.760658307,0.272470752,3.795466672,0.999642184
JE Taylor ,WI,19.97420635,93.08333333,30,113.0575397,0.665806878,-0.071878191,3.102777778,1.001912202,3.768584656,0.93003401
AD Mathews ,SL,175.2916593,140.9641319,87,316.2557912,2.014846659,0.715520317,1.620277378,0.196173768,3.635124037,0.911694085
Sohail Tanvir ,PAK,22.08504829,177.1753623,55,199.2604106,0.401546332,-0.226120018,3.221370224,1.066367153,3.622916556,0.840247136
R Shepherd ,WI,104.4157682,116.3426923,61,220.7584605,1.711733905,0.538601494,1.907257251,0.352147226,3.618991156,0.890748719
MP Stoinis ,AUS,184.2459464,71.48214286,71,255.7280893,2.59501333,1.054148116,1.006790744,-0.137255997,3.601804075,0.916892119
DAJ Bracewell ,NZL,21.87860473,49.91413043,20,71.79273516,1.093930236,0.178005984,2.495706522,0.671969192,3.589636758,0.849975177
CJ Jordan ,ENG,62.94512794,262.5542781,91,325.499406,0.691704703,-0.056762323,2.885211847,0.883665197,3.57691655,0.826902874
LS Livingstone ,ENG,143.0352294,54.70833333,56,197.7435627,2.554200525,1.030326771,0.976934524,-0.153482842,3.531135049,0.876843929
Sikandar Raza ,ZIM,145.9783903,127.154902,78,273.1332922,1.871517824,0.631863102,1.630191051,0.201561845,3.501708875,0.833424948
SC Williams ,ZIM,111.4244053,88.68333333,58,200.1077386,1.921110436,0.660808986,1.529022989,0.14657704,3.450133425,0.807386026
MG Bracewell ,NZL,35.60443168,88.3,36,123.9044317,0.989011991,0.116768005,2.452777778,0.648637435,3.441789769,0.765405441
LM Jongwe ,ZIM,26.71128282,121.2814229,43,147.9927057,0.621192624,-0.097918341,2.820498208,0.848493357,3.441690831,0.750575016
Mohammad Ashraful ,BAN,54.76248335,17.275,21,72.03748335,2.607737303,1.061574759,0.822619048,-0.237353248,3.43035635,0.824221511
BA Stokes ,ENG,82.96602841,63.79821429,43,146.7642427,1.929442521,0.665672202,1.483679402,0.121932817,3.413121923,0.787605019
Abdul Razzaq ,PAK,42.9959655,65.13809524,32,108.1340607,1.343623922,0.323745523,2.035565476,0.4218827,3.379189398,0.745628223
JA Morkel ,RSA,94.08349421,65.50833333,48,159.5918275,1.960072796,0.683550276,1.364756944,0.057298504,3.324829741,0.74084878
DM de Silva ,SL,78.52254867,57.64615385,41,136.1687025,1.915184114,0.65734995,1.406003752,0.079716129,3.321187866,0.737066079
R Ravindra ,NZL,49.05704994,33.5,25,82.55704994,1.962281998,0.684839728,1.34,0.043843114,3.302281998,0.728682841
SM Curran ,ENG,52.09808733,140.6370047,59,192.735092,0.883018429,0.054902393,2.383678045,0.611081756,3.266696474,0.665984148
RL Chase ,WI,66.12395031,61.125,39,127.2489503,1.695485905,0.52911797,1.567307692,0.167384763,3.262793598,0.696502733
S Prasanna ,SL,28.90311147,35.80833333,20,64.71144481,1.445155574,0.383006838,1.790416667,0.28864441,3.23557224,0.671651248
GJ Delany ,IRE,72.00649911,79.73722944,47,151.7437285,1.532053172,0.433726647,1.696536797,0.237620734,3.228589969,0.671347381
Wahab Riaz ,PAK,14.6547619,100.6601967,36,115.3149586,0.40707672,-0.222892079,2.796116575,0.835241948,3.203193294,0.612349869
MM Ali ,ENG,152.8082863,125.2261905,87,278.0344768,1.756417084,0.564681873,1.4393815,0.097856923,3.195798584,0.662538796
Faheem Ashraf ,PAK,59.66351939,137.2488095,62,196.9123289,0.962314829,0.101185584,2.213690476,0.518693573,3.176005305,0.619879157
RS Bopara ,ENG,70.22419695,44.01136364,36,114.2355606,1.950672137,0.678063362,1.222537879,-0.019997507,3.173210016,0.658065855
KA Pollard ,WI,232.861981,85.05833333,101,317.9203144,2.305564169,0.885204367,0.842161716,-0.226731815,3.147725885,0.658472553
DJG Sammy ,WI,83.20652134,123.7575302,66,206.9640515,1.260704869,0.275347885,1.875114093,0.334677431,3.135818962,0.610025316
KMA Paul ,WI,12.44770854,56.21587809,22,68.66358663,0.565804934,-0.130246657,2.555267186,0.704340392,3.12107212,0.574093735
CR Woakes ,ENG,16.14742063,86.15,33,102.2974206,0.489315777,-0.174891336,2.610606061,0.73441705,3.099921837,0.559525714
RA Jadeja ,IND,61.19428426,155.072514,70,216.2667983,0.874204061,0.049757681,2.215321629,0.519580104,3.08952569,0.569337785
Gulbadin Naib ,AFG,96.57608709,68.91785714,54,165.4939442,1.788446057,0.58337633,1.276256614,0.009198606,3.064702671,0.592574936
AD Russell ,WI,176.3035041,74.61937809,82,250.9228822,2.150042733,0.794430657,0.909992416,-0.189865854,3.060035149,0.604564803
RP Burl ,ZIM,113.931389,76.60833333,63,190.5397223,1.808434746,0.595043194,1.216005291,-0.023547966,3.024440037,0.571495227
Saim Ayub ,PAK,89.14835963,40.55833333,43,129.706693,2.073217666,0.749589916,0.943217054,-0.171808275,3.01643472,0.577781641
JDP Oram ,NZL,59.66487253,40.675,34,100.3398725,1.754849192,0.563766736,1.196323529,-0.034244997,2.951172721,0.52952174
JEC Franklin ,NZL,52.34504431,56.60714286,37,108.9521872,1.414730927,0.365248784,1.52992278,0.147066076,2.944653707,0.51231486
CJ Anderson ,NZL,59.32378596,28.33333333,30,87.6571193,1.977459532,0.693698449,0.944444444,-0.171141189,2.921903977,0.522557261
YK Pathan ,IND,31.24076036,31.9122549,22,63.15301526,1.420034562,0.368344374,1.450557041,0.103930826,2.870591603,0.4722752
I Udana ,SL,26.47197205,73.56235994,35,100.034332,0.756342059,-0.019035223,2.101781713,0.4578712,2.858123771,0.438835977
TT Bresnan ,ENG,22.8283703,70.00085639,33,92.82922669,0.691768797,-0.056724913,2.121238072,0.468445725,2.813006869,0.411720812
FA Allen ,WI,33.49151518,75.66060606,39,109.1521212,0.8587568,0.040741527,1.94001554,0.369951344,2.79877234,0.410692871
NLTC Perera ,SL,157.0916586,63.59626623,79,220.6879249,1.988502008,0.700143648,0.805016028,-0.246920483,2.793518036,0.453223165
SPD Smith ,AUS,133.9136595,52.59166667,67,186.5053262,1.998711336,0.70610256,0.784950249,-0.257826227,2.783661585,0.448276334
BMAJ Mendis ,SL,20.71004481,40.425,22,61.13504481,0.941365673,0.088958121,1.8375,0.314234185,2.778865673,0.403192306
Mahmudullah ,BAN,247.0139234,93.84166667,124,340.8555901,1.992047769,0.702213214,0.756787634,-0.273132597,2.748835404,0.429080617
OF Smith ,WI,26.76642157,44.66666667,26,71.43308824,1.029477753,0.14038679,1.717948718,0.249258106,2.747426471,0.389644896
PD Collingwood ,ENG,63.27239459,25.6,34,88.87239459,1.860952782,0.625696569,0.752941176,-0.275223146,2.613893958,0.350473423
CR Brathwaite ,WI,32.11790567,72.17005495,40,104.2879606,0.802947642,0.008167211,1.804251374,0.296163568,2.607199015,0.304330779
Mosaddek Hossain ,BAN,22.50812672,53.10151515,30,75.60964187,0.750270891,-0.022578802,1.770050505,0.277575408,2.520321396,0.254996606
CJ Chibhabha ,ZIM,54.01918057,29.99848485,34,84.01766542,1.588799428,0.466847922,0.882308378,-0.204912118,2.471107806,0.261935803
Mashrafe Mortaza ,BAN,35.29740672,76.53405797,47,111.8314647,0.751008654,-0.02214819,1.628384212,0.200579829,2.379392866,0.17843164
JDS Neesham ,NZL,108.2833248,65.44404762,76,173.7273724,1.42478059,0.371114504,0.86110589,-0.216435663,2.285886479,0.154678841
LJ Wright ,ENG,63.75662327,45.275,50,109.0316233,1.275132465,0.283768888,0.9055,-0.19230748,2.180632465,0.091461408
GH Dockrell ,IRE,95.94354888,79.25085139,81,175.1944003,1.184488258,0.230862284,0.978405573,-0.152683328,2.16289383,0.078178956
Azmatullah Omarzai ,AFG,21.3769461,77.02004443,47,98.39699053,0.45482864,-0.195020557,1.63872435,0.20619969,2.09355299,0.011179133
KJ O'Brien ,IRE,59.71830177,39.875,50,99.59330177,1.194366035,0.236627679,0.7975,-0.251005441,1.991866035,-0.014377762
Fawad Alam ,PAK,16.58281675,18.58333333,22,35.16615009,0.753764398,-0.020539735,0.84469697,-0.225353905,1.598461368,-0.24589364
DT Christian ,AUS,12.75934066,17.74166667,23,30.50100733,0.554753942,-0.136696826,0.771376812,-0.265203385,1.326130753,-0.401900211