Ground,AvgBatImpact,AvgBowlImpact,BattingScale,BowlingScale,BattingScale2,BowlingScale2
Abu Dhabi,1.688638699,3.240072108,-0.642227874,0.439600317,0.408590047,0.508152505
Adelaide,2.563490584,2.557043287,0.408687443,-0.549950502,0.587301959,0.332461165
Ahmedabad,3.274230467,2.497434501,1.262463314,-0.636309848,0.732489603,0.31712836
Auckland,2.532651467,2.823359141,0.371641972,-0.164120412,0.581002244,0.400963969
Basseterre,1.993446749,2.988688978,-0.276077382,0.075404291,0.470855249,0.443490755
Belfast,1.957181854,3.139170173,-0.319640566,0.293416745,0.463447174,0.482198115
Bengaluru,2.311278947,2.567676903,0.105718361,-0.534544851,0.535780982,0.335196385
Birmingham,2.11364189,3.585468651,-0.131693038,0.940000037,0.495408324,0.596996753
Bloemfontein,3.757087212,1.302753623,1.842494697,-2.367126181,0.831126017,0.00982788
Brabourne,4.003646359,1.565031898,2.13867373,-1.987145611,0.881492321,0.077292122
Bready,2.317339982,2.945943256,0.112999176,0.013475624,0.537019111,0.432495533
Bridgetown,1.982401735,3.110906452,-0.289345198,0.252469148,0.46859901,0.474928011
Brisbane,2.249162711,2.876459936,0.031101269,-0.08718964,0.523092079,0.414622762
Bristol,3.250352949,2.505846391,1.233780459,-0.624122965,0.727611981,0.319292099
Bulawayo,1.879470951,2.881742489,-0.412990743,-0.079536441,0.447572642,0.415981561
Cairns,1.866195085,3.67071256,-0.428938369,1.06349875,0.444860691,0.618923524
Canberra,2.209587173,2.762147878,-0.016438824,-0.252801378,0.515007716,0.385218969
Cape Town,2.390102307,2.638112888,0.200404877,-0.432499396,0.551882763,0.353314204
Cardiff,2.168140886,2.77399604,-0.066226152,-0.235636131,0.506541202,0.388266599
Carrara,1.214444296,3.480088217,-1.211853625,0.787328156,0.311723149,0.569890386
Centurion,3.374881841,2.093702796,1.383370719,-1.221223729,0.75305034,0.213278915
Chattogram,2.13713036,2.92232808,-0.103477528,-0.020737305,0.500206472,0.426421146
Chennai,3.286778937,2.335582011,1.277537156,-0.87079668,0.735052964,0.275496031
Chester-le-Street,2.111767691,3.179116223,-0.133944419,0.351289334,0.495025468,0.492473194
Christchurch,2.245542951,2.982721567,0.026753034,0.066758893,0.522352646,0.441955794
Colombo (PSS),0.519898858,4.022916667,-2.046175928,1.573761056,0.169843654,0.709518839
Colombo (RPS),1.726626067,3.128995737,-0.59659557,0.27867634,0.416349984,0.479581007
Coolidge,1.492331252,3.111038961,-0.878042081,0.252661124,0.368488997,0.474962095
Cuttack,1.098083825,3.596715002,-1.351631574,0.956293399,0.287953408,0.599889583
Dallas,-0.311540068,5.054166667,-3.044941454,3.067803839,0,0.974780991
Dambulla,1.678731403,3.644058332,-0.654129008,1.024882936,0.406566217,0.612067419
Darwin,1.970734115,4.080337466,-0.30336092,1.656950516,0.466215586,0.724288841
Dehradun,2.503439432,2.66635331,0.336551032,-0.391585555,0.575034904,0.360578316
Delhi,2.803837497,2.238440989,0.697404033,-1.011531558,0.636399249,0.250509038
Dharamsala,3.226307023,1.783529782,1.204895304,-1.670592702,0.722699957,0.133495001
Dubai (DICS),1.659134247,3.229504292,-0.677670081,0.424289994,0.402562973,0.50543421
Dublin,2.974902651,2.427429988,0.902895949,-0.7377302,0.671343885,0.299121526
Dublin (Malahide),2.59746832,2.517225003,0.449503179,-0.607637988,0.594242821,0.32221895
Dunedin,3.121373741,2.076975684,1.078844261,-1.245457447,0.701264526,0.208976302
Durban,2.243769406,2.794615113,0.024622565,-0.205763862,0.521990352,0.393570318
East London,2.269953995,2.875,0.056076786,-0.089304749,0.527339255,0.414247232
Eden Gardens,1.88289321,3.337855717,-0.408879756,0.581266153,0.44827173,0.533304787
Geelong,1.810262747,3.897916667,-0.496127057,1.392664961,0.433435014,0.677365851
Gqeberha,1.47272796,3.558861727,-0.901590524,0.901452756,0.3644845,0.590152815
Greater Noida,3.114989791,2.662132353,1.071175545,-0.397700746,0.699960433,0.359492585
Gros Islet,2.483209414,2.450216513,0.312249734,-0.704717794,0.570902382,0.304982765
Guwahati,4.583779292,1.264546131,2.835558078,-2.422480002,1,0
Gwalior,2.242709551,3.161443075,0.023349414,0.32568503,0.521773848,0.487927238
Hambantota,0.917845548,3.471691338,-1.568142698,0.77516302,0.251134916,0.567730508
Hamilton,3.409238311,2.050824176,1.424641408,-1.283344935,0.760068569,0.202249509
Hangzhou,0.545599555,3.358528011,-2.015302981,0.611215528,0.175093709,0.538622195
Harare,1.810881139,2.994475196,-0.495384215,0.083787183,0.433561337,0.444979109
Hobart,2.25989188,2.710107164,0.043989677,-0.328196338,0.525283798,0.371832853
Hyderabad,4.461548991,1.414337856,2.688728999,-2.205466431,0.975031189,0.038530012
Indore,3.403771041,2.244365079,1.418073853,-1.00294892,0.758951732,0.252032856
Jaipur,2.302056277,2.582575758,0.094639634,-0.512959856,0.533897005,0.339028727
Johannesburg,2.608460927,2.565294014,0.462708041,-0.537997105,0.596488356,0.334583449
Kanpur,2.617626145,2.550279107,0.473717754,-0.559750234,0.598360597,0.330721256
Karachi,2.941051945,2.449589137,0.862232808,-0.705626718,0.664428973,0.304821389
Khulna,2.268217027,3.117137685,0.053990254,0.261496765,0.526984432,0.476530833
Kimberley,3.172776058,1.873611111,1.140591264,-1.540085687,0.711764825,0.156666072
King City (NW),0.626484263,3.591580025,-1.918140273,0.948854005,0.191616575,0.598568744
Kingston,2.490205403,2.516255887,0.320653662,-0.609042013,0.5723315,0.321969671
Kingstown,0.831101594,4.538464814,-1.672343823,2.320671105,0.233415142,0.842130146
Lahore,2.428847297,2.691596175,0.246947273,-0.355014481,0.559797464,0.367071384
Lauderhill,1.922707031,3.187056107,-0.361053427,0.36279239,0.456404768,0.494515522
Leeds,1.926917289,4.485408432,-0.355995857,2.243804677,0.457264826,0.828482777
Lord's,1.638719678,3.255469074,-0.702193069,0.46190696,0.398392751,0.512112973
Lucknow,1.378384159,3.332432432,-1.014920961,0.573409069,0.345212253,0.531909788
Manchester,2.680882069,2.489257507,0.549703897,-0.648156421,0.611282312,0.315025042
Melbourne,1.566245293,3.225831301,-0.789252882,0.418968679,0.383587918,0.504489429
Mirpur,1.436800743,3.357186139,-0.944748073,0.609271466,0.357145404,0.538277034
Mohali,3.893103531,1.919907449,2.005884222,-1.473012998,0.85891099,0.168574597
Mount Maunganui,2.313947428,2.716850721,0.108923873,-0.318426484,0.536326091,0.373567457
Nagpur,1.560794897,3.296607828,-0.795800168,0.521507501,0.382474529,0.522694844
Nairobi (Gym),2.561378875,2.9375,0.406150754,0.001243299,0.586870586,0.430323726
Napier,2.234790036,3.047829316,0.013836101,0.161084965,0.520156075,0.458703064
Nelson,2.892441648,2.754398148,0.803839717,-0.264028944,0.654499018,0.383225553
New York,-0.032710886,5.152209691,-2.709998062,3.209845509,0.056958323,1
North Sound,1.350021235,3.277179682,-1.048991906,0.49336061,0.339418367,0.51769746
Nottingham,2.515143068,2.681172668,0.350610017,-0.370115732,0.577425685,0.364390209
Paarl,1.882013393,3.233102767,-0.409936636,0.429503352,0.448092004,0.506359824
Pallekele,2.467061158,2.700818763,0.292851651,-0.341653083,0.567603668,0.369443654
Perth,1.728395864,3.15071747,-0.594469603,0.310146108,0.416711512,0.485168356
Port of Spain,0.906100142,4.232405743,-1.582251861,1.877262285,0.248735602,0.763404437
Potchefstroom,2.530490584,2.781714876,0.369046212,-0.224453322,0.580560826,0.390252068
Providence,1.467625516,2.836217958,-0.907719832,-0.14549096,0.363442189,0.404271564
Pune,1.902706833,3.506019852,-0.385078654,0.824897099,0.452319193,0.576560622
Queenstown,3.094320221,2.056225296,1.046346235,-1.27551996,0.69573812,0.203638806
Raipur,1.681769676,4.351515152,-0.650479284,2.049824275,0.407186865,0.794042224
Rajkot,2.597491929,2.595872219,0.449531538,-0.493696358,0.594247644,0.342448894
Ranchi,1.906298869,2.499794823,-0.380763722,-0.632890287,0.453052962,0.317735492
Rawalpindi,2.564682105,2.141111523,0.410118757,-1.152539447,0.587545359,0.225473573
Roseau,2.280632838,3.554057018,0.06890474,0.894491844,0.529520694,0.588916929
Sharjah,1.516357797,3.601178725,-0.849180208,0.962760301,0.373397062,0.601037759
Southampton,2.288792721,2.901035976,0.078706795,-0.05158464,0.531187569,0.420944307
St George's,2.697518213,2.526525553,0.569688054,-0.594163641,0.61468069,0.324611274
Sydney,2.122689844,3.000695638,-0.12082419,0.092799165,0.49725661,0.446579155
Sylhet,2.564904885,2.725825753,0.410386372,-0.305423738,0.587590868,0.37587605
Tarouba,2.008642567,2.989367208,-0.257823414,0.076386889,0.473959402,0.443665212
Taunton,2.838747198,2.961363636,0.739339291,0.035816189,0.64353049,0.436462024
The Oval,1.988179639,2.677406694,-0.282404495,-0.375571758,0.469779301,0.36342151
Thiruvananthapuram,2.344893384,2.68859127,0.146097684,-0.359367893,0.542647631,0.366298451
Visakhapatnam,1.845522337,3.015140064,-0.453771495,0.113725797,0.440637729,0.450294606
W.A.C.A,1.827247501,3.588041126,-0.475724131,0.943726958,0.436904605,0.597658454
Wankhede,3.629707999,2.181299364,1.689480492,-1.094316558,0.805105403,0.235810846
Wellington,2.227917498,2.88124045,0.005580468,-0.080263779,0.518752175,0.415852425