"","Player","Country","CareerBatImpact","CareerBowlImpact","MatchesPlayed","TotalImpact","BatImpactperGame","BatImpactperGame_Z","BowlImpactperGame","BowlImpactperGame_Z","TotalImpactperGame","TotalImpactperGame_Z"
"1","Rashid Khan ","AFG",40.0106628719615,472.766666666666,78,512.777329538627,0.512957216307198,-0.146431036388421,6.0611111111111,2.51191359560895,6.5740683274183,2.36548255922053
"2","SR Watson ","AUS",218.146918456903,143.23414232826,58,361.381060785163,3.76115376649833,1.74736745341938,2.46955417807344,0.623807476279798,6.23070794457177,2.37117492969918
"3","Kuldeep Yadav ","IND",-0.157832080200503,238.475,40,238.317167919799,-0.00394580200501258,-0.447801393856216,5.96187499999999,2.45974449119527,5.95792919799498,2.01194309733905
"4","Shakib Al Hasan ","BAN",237.119338542117,421.382159831015,112,658.501498373132,2.1171369512689,0.788855087005804,3.76234071277692,1.30343422664722,5.87947766404582,2.09228931365302
"5","PW Hasaranga ","SL",49.336939284524,379.608333333333,73,428.945272617857,0.675848483349643,-0.0514604178432745,5.20011415525113,2.0592815891025,5.87596263860078,2.00782117125923
"6","NT Tilak Varma ","IND",129.3234195079,10.1,24,139.4234195079,5.38847581282916,2.69614625610327,0.420833333333333,-0.453219126909629,5.8093091461625,2.24292712919365
"7","BAW Mendis ","SL",-7.09285714285714,220.066666666666,37,212.973809523809,-0.191698841698842,-0.557267190502074,5.94774774774774,2.45231769776721,5.7560489060489,1.89505050726514
"8","Imran Tahir ","RSA",-0.583333333333333,195.044565217391,34,194.461231884058,-0.017156862745098,-0.455503848585091,5.73660485933503,2.34131843279727,5.71944799658993,1.88581458421218
"9","Shahid Afridi ","PAK",212.272791307329,315.354411764705,94,527.627203072034,2.25822118412052,0.871111533923825,3.35483416770963,1.0892052402345,5.61305535183015,1.96031677415832
"10","SA Yadav ","IND",426.221040400648,7.7,78,433.921040400648,5.46437231282882,2.74039624986446,0.0987179487179487,-0.622557394452551,5.56309026154677,2.11783885541191
"11","JP Faulkner ","AUS",13.669336300954,109.883532695375,24,123.552868996329,0.569555679206416,-0.113432391784333,4.57848052897395,1.73248452709351,5.14803620818037,1.61905213530918
"12","V Kohli ","IND",608.061061987541,4.37916666666667,119,612.440228654208,5.10975682342472,2.53364451304101,0.0367997198879552,-0.655108232134262,5.14655654331267,1.87853628090674
"13","KP Pietersen ","ENG",187.838796779854,-1.15,37,186.688796779854,5.07672423729336,2.51438549938116,-0.0310810810810811,-0.690793634895288,5.04564315621227,1.82359186448587
"14","JJ Bumrah ","IND",-9.50555555555555,341.934022556391,66,332.428467000835,-0.144023569023569,-0.529471040238848,5.18081852358168,2.0491377431575,5.03679495455811,1.51966670291865
"15","HH Pandya ","IND",304.891175513661,239.915476190476,109,544.806651704136,2.79716674783175,1.18533337329647,2.20105941459152,0.482657937127348,4.99822616242327,1.66799131042382
"16","CH Morris ","RSA",5.61008527758021,108.413852813853,23,114.023938091433,0.243916751199139,-0.30328990211465,4.71364577451534,1.80354182396657,4.95756252571448,1.50025192185192
"17","YBK Jaiswal ","IND",110.768334808357,-1.8,22,108.968334808357,5.03492430947075,2.49001485586826,-0.0818181818181818,-0.717466476831199,4.95310612765257,1.77254837903706
"18","JH Kallis ","RSA",83.3885531432065,35.1,24,118.488553143207,3.47452304763361,1.58025292874981,1.4625,0.0943921860401223,4.93702304763361,1.67464511478993
"19","Ravi Bishnoi ","IND",4.58749999999998,196.491666666666,41,201.079166666666,0.111890243902439,-0.380265416456102,4.79247967479674,1.84498534617909,4.90436991869918,1.46471992972299
"20","GP Swann ","ENG",-2.34639804639806,193.391666666666,39,191.045268620268,-0.0601640524717451,-0.480578362918409,4.95876068376068,1.93240041335095,4.89859663128893,1.45182205043254
"21","TM Head ","AUS",158.168109494426,-1.7,32,156.468109494426,4.94275342170082,2.43627639350437,-0.053125,-0.702382274301765,4.88962842170082,1.73389411920261
"22","PD Salt ","ENG",189.428245333898,0,39,189.428245333898,4.85713449574098,2.38635792638693,0,-0.674454097341328,4.85713449574098,1.7119038290456
"23","D Pretorius ","RSA",44.8615995115995,100.502578580839,30,145.364178092439,1.49538665038665,0.426355539132363,3.35008595269465,1.08670907102632,4.8454726030813,1.51306461015868
"24","Imad Wasim ","PAK",58.8245778685507,275.433333333333,69,334.257911201884,0.852530114036967,0.0515504068411939,3.99178743961352,1.42405594504883,4.84431755365049,1.47560635189002
"25","F du Plessis ","RSA",215.799494153613,5.9,46,221.699494153613,4.69129335116551,2.28966743851404,0.128260869565217,-0.60702647828595,4.81955422073072,1.68264096022809
"26","JA Duffy ","NZL",-5.025,109.915909090909,22,104.890909090909,-0.228409090909091,-0.578670394846573,4.99617768595042,1.95207078809888,4.76776859504132,1.37340039325231
"27","Arshdeep Singh ","IND",5.23315018315018,272.858208763014,59,278.091358946164,0.088697460731359,-0.393787522358605,4.62471540276295,1.75679051743559,4.71341286349431,1.36300299507698
"28","MR Marsh ","AUS",234.422510103577,43.0000000000001,59,277.422510103578,3.97326288311148,1.87103359200106,0.728813559322035,-0.291311809230044,4.70207644243352,1.57972178277102
"29","Saeed Ajmal ","PAK",-7.30476190476191,303.385996364428,63,296.081234459667,-0.115948601662888,-0.513102470798081,4.81565073594331,1.85716653198732,4.69970213428042,1.34406406118924
"30","DA Warner ","AUS",500.026603212035,0,107,500.026603212035,4.67314582441154,2.27908687227386,0,-0.674454097341328,4.67314582441154,1.60463277493253
"31","KL Rahul ","IND",314.553137127259,0,68,314.553137127259,4.62578142834205,2.25147197263308,0,-0.674454097341328,4.62578142834205,1.57701787529175
"32","AJ Finch ","AUS",475.936768021487,-6.1,102,469.836768021487,4.6660467453087,2.27494789081869,-0.0598039215686274,-0.705893429190678,4.60624282374007,1.56905446162802
"33","BB McCullum ","NZL",312.414113745609,0,68,312.414113745609,4.59432520214131,2.23313202529507,0,-0.674454097341328,4.59432520214131,1.55867792795375
"34","DL Vettori ","NZL",4.22576447245564,146.979385964912,33,151.205150437368,0.128053468862292,-0.370841759190782,4.45392078681552,1.66700261610721,4.58197425567781,1.29616085691643
"35","LH Ferguson ","NZL",-15.8214285714286,193.634782608695,39,177.813354037267,-0.405677655677656,-0.682023420152062,4.96499442586398,1.93567753434082,4.55931677018633,1.25365411418876
"36","GJ Maxwell ","AUS",420.889630349094,84.4858974358971,112,505.375527784991,3.75794312811691,1.74549555249711,0.754338369963367,-0.277893241164674,4.51228149808028,1.46760231133243
"37","Umar Gul ","PAK",-4.33315719174353,256.90516983017,56,252.572012638426,-0.0773778069954203,-0.490614511229366,4.58759231839588,1.73727465730343,4.51021451140046,1.24666014607407
"38","SB Styris ","NZL",66.8070815689588,63.825,29,130.632081568959,2.30369246789513,0.897622690872412,2.20086206896552,0.482554191177883,4.50455453686065,1.3801768820503
"39","Mohammad Hafeez ","PAK",299.900684879401,211.632142857142,114,511.532827736544,2.63070776210001,1.08828266502724,1.85642230576441,0.301479844657568,4.48713006786442,1.38976250968481
"40","Harbhajan Singh ","IND",13.998051948052,102.658333333333,26,116.656385281385,0.538386613386614,-0.131604915788396,3.94839743589744,1.40124552242113,4.48678404928405,1.26964060663273
"41","DJ Malan ","ENG",276.756901337365,0.2,62,276.956901337365,4.46382098931234,2.15704405544777,0.00322580645161291,-0.67275826875929,4.46704679576395,1.48428578668848
"42","MG Johnson ","AUS",4.04516733266734,129.804347826087,30,133.849515158754,0.134838911088911,-0.366885637680619,4.3268115942029,1.60018044152682,4.46165050529181,1.2332948038462
"43","Babar Azam ","PAK",530.368557573539,0,119,530.368557573539,4.45687863507176,2.1529964494075,0,-0.674454097341328,4.45687863507176,1.47854235206617
"44","Yuvraj Singh ","IND",164.353540891963,85.1666666666667,56,249.52020755863,2.93488465878506,1.26562715101368,1.52083333333333,0.125058419565308,4.4557179921184,1.39068557057899
"45","IK Pathan ","IND",19.6657738095238,82.8083333333333,23,102.474107142857,0.855033643892339,0.0530100417450652,3.60036231884058,1.21828107371317,4.45539596273292,1.27129111545823
"46","Q de Kock ","RSA",387.399420234026,0,87,387.399420234026,4.45286689924167,2.15065748403422,0,-0.674454097341328,4.45286689924167,1.47620338669289
"47","RR Rossouw ","RSA",124.566707447142,0,28,124.566707447142,4.44881098025508,2.1482927585218,0,-0.674454097341328,4.44881098025508,1.47383866118047
"48","Mohammad Nabi ","AFG",227.008696109103,195.573809523809,95,422.582505632912,2.38956522220108,0.947689147722344,2.05867167919799,0.407803727789627,4.44823690139907,1.35549287551197
"49","Mujeeb Ur Rahman ","AFG",-9.40512820512822,209.375,45,199.969871794871,-0.209002849002849,-0.567355958959766,4.65277777777777,1.77154310050089,4.44377492877492,1.20418714154112
"50","MJ Guptill ","NZL",511.313066379126,-1.8,115,509.513066379126,4.44620057720979,2.14677081326123,-0.0156521739130435,-0.682682552548086,4.43054840329675,1.46408826071314
"51","AK Markram ","RSA",213.745195231751,19.15,53,232.895195231751,4.03292821191983,1.90582031375424,0.361320754716982,-0.484505297770229,4.39424896663681,1.42131501598401
"52","FH Allen ","NZL",202.12140209839,0,46,202.12140209839,4.39394352387805,2.11630334395872,0,-0.674454097341328,4.39394352387805,1.44184924661739
"53","DW Steyn ","RSA",-13.95,210.649122807017,45,196.699122807017,-0.31,-0.626240404244347,4.68109161793372,1.78642788051604,4.37109161793372,1.16018747627169
"54","JR Hazlewood ","AUS",-5.07261904761905,222.136363636363,50,217.063744588744,-0.101452380952381,-0.504650728280264,4.44272727272726,1.66111810895868,4.34127489177488,1.15646738067842
"55","Hasan Ali ","PAK",28.1386904761905,167.002734443059,45,195.14142491925,0.625304232804233,-0.0809292704426447,3.71117187651243,1.27653441838267,4.33647610931666,1.19560514794002
"56","CH Gayle ","WI",282.291688809887,55.875,78,338.166688809887,3.61912421551137,1.6645598569544,0.716346153846155,-0.297866009820499,4.33547036935752,1.3666938471339
"57","RD Gaikwad ","IND",95.1749682410187,0,22,95.1749682410187,4.3261349200463,2.07676884241355,0,-0.674454097341328,4.3261349200463,1.40231474507223
"58","Al-Amin Hossain ","BAN",-3.78333333333333,115.720168067227,26,111.936834733894,-0.14551282051282,-0.530339319660277,4.45077569489334,1.66534921970704,4.30526287438052,1.13500990004676
"59","C Munro ","NZL",284.296217243409,-6.85,65,277.446217243409,4.3737879575909,2.10455202891174,-0.105384615384615,-0.729855512632982,4.26840334220629,1.37469651627875
"60","Mohammad Rizwan ","PAK",425.249909955298,0,100,425.249909955298,4.25249909955298,2.03383689433368,0,-0.674454097341328,4.25249909955298,1.35938279699235
"61","SW Tait ","AUS",-8.79166666666667,97.919696969697,21,89.1280303030303,-0.418650793650794,-0.689587158590289,4.66284271284272,1.77683430591433,4.24419191919192,1.08724714732404
"62","DL Chahar ","IND",9.44632352941177,96.5793290043291,25,106.025652533741,0.377852941176471,-0.225200984036476,3.86317316017316,1.35644253599755,4.24102610134963,1.13124155196107
"63","AR Patel ","IND",74.4421516431597,217.680072463768,69,292.122224106927,1.07887176294434,0.183514549484033,3.15478365889518,0.98403731531788,4.23365542183953,1.16755186480191
"64","Shaheen Shah Afridi ","PAK",3.24532550782547,308.431159420289,74,311.676484928115,0.0438557501057496,-0.419931618798268,4.16798864081472,1.51668612533662,4.21184439092047,1.09675450653835
"65","JC Buttler ","ENG",542.691521860918,0,129,542.691521860918,4.20691102217766,2.0072576431238,0,-0.674454097341328,4.20691102217766,1.33280354578247
"66","MR Adair ","IRE",15.7669874350795,189.942061923583,49,205.709049358663,0.321775253777134,-0.257896000507241,3.87636861068538,1.36337947485831,4.19814386446251,1.10548347435106
"67","SP Narine ","WI",10.2146951088128,203.15606060606,51,213.370755714873,0.200288139388486,-0.328726724635309,3.98345216874628,1.41967403597037,4.18374030813477,1.09094731133506
"68","MJ Santner ","NZL",58.3416697379772,351.223211437684,98,409.564881175662,0.595323160591604,-0.0984091576359717,3.5839103207927,1.20963214547158,4.1792334813843,1.11122298783561
"69","E Lewis ","WI",245.71031552196,0,59,245.71031552196,4.16458161901627,1.98257829920393,0,-0.674454097341328,4.16458161901627,1.3081242018626
"70","AJ Tye ","AUS",-2.51689282939282,131.013175230566,31,128.496282401174,-0.0811900912707362,-0.492837190211919,4.22623145905053,1.54730477445406,4.14504136777979,1.05446758424214
"71","AD Hales ","ENG",306.639127661944,0,74,306.639127661944,4.14377199543167,1.97044564863644,0,-0.674454097341328,4.14377199543167,1.29599155129511
"72","Fazalhaq Farooqi ","AFG",-6.03333333333333,154.503873319663,36,148.470539986329,-0.167592592592593,-0.543212505864946,4.29177425887952,1.58176107397607,4.12418166628693,1.03854856811112
"73","RR Hendricks ","RSA",317.382083390556,-8.51764705882355,75,308.864436331732,4.23176111187407,2.02174600970244,-0.113568627450981,-0.734157903922127,4.11819248442309,1.28758810578031
"74","R Ashwin ","IND",25.1631764069264,229.460144927536,62,254.623321334462,0.405857683982684,-0.208873357670781,3.70097007947638,1.27117126369208,4.10682776345907,1.0622979060213
"75","PJ Cummins ","AUS",14.8762987012987,214.7,56,229.576298701298,0.265648191094619,-0.290619804286676,3.83392857142857,1.34106845506401,4.09957676252318,1.05044865077733
"76","ST Finn ","ENG",-2.78333333333334,88.45,21,85.6666666666667,-0.132539682539683,-0.52277558122205,4.21190476190476,1.53977313147721,4.07936507936508,1.01699755025516
"77","Haris Rauf ","PAK",-15.7600427350427,329.633090879372,77,313.873048144329,-0.20467587967588,-0.564833202762523,4.28094923219964,1.5760702831861,4.07627335252376,1.01123708042357
"78","Shubman Gill ","IND",85.4722653119899,0,21,85.4722653119899,4.07010787199952,1.92749719907275,0,-0.674454097341328,4.07010787199952,1.25304310173142
"79","KOK Williams ","WI",-4.68214285714285,106.368181818182,25,101.686038961039,-0.187285714285714,-0.554694201490735,4.25472727272727,1.56228521919751,4.06744155844156,1.00759101770678
"80","DJ Hooda ","IND",52.8955698856122,32.2102941176471,21,85.1058640032593,2.51883666121963,1.02305837252317,1.53382352941177,0.131887454762093,4.0526601906314,1.15494582728526
"81","KS Williamson ","NZL",342.899450828987,12.65,88,355.549450828987,3.89658466851121,1.82632783458542,0.14375,-0.598883736154262,4.04033466851121,1.22744409843116
"82","J Botha ","RSA",28.1095779220779,128.897727272727,39,157.007305194805,0.720758408258408,-0.0252765503785435,3.30506993006993,1.06304383910315,4.02582833832833,1.03776728872461
"83","TG Southee ","NZL",29.4115338164251,448.66840575519,119,478.079939571615,0.247155746356514,-0.301401468319851,3.77032273743857,1.30763043177198,4.01747848379508,1.00622896345213
"84","TA Boult ","NZL",-7.41304112554114,231.933860342556,56,224.520819217014,-0.132375734384663,-0.522679994405309,4.14167607754563,1.50285343031052,4.00930034316097,0.980173435905207
"85","JP Duminy ","RSA",267.642897979098,48.1309523809525,79,315.773850360051,3.38788478454555,1.52974015673604,0.609252561784209,-0.354165845875744,3.99713734632976,1.17557431086029
"86","Naveen-ul-Haq ","AFG",-16.4797008547009,167.439285714286,38,150.959584859585,-0.433676338281601,-0.698347513233449,4.4062969924812,1.64196646070587,3.9726206541996,0.943618947472422
"87","MN Samuels ","WI",205.887693481244,55.125,66,261.012693481244,3.11951050729158,1.37326969901791,0.835227272727273,-0.235369390048891,3.95473778001885,1.13790030896902
"88","MA Wood ","ENG",-2.55277777777776,144.915616246498,36,142.362838468721,-0.07091049382716,-0.486843868744556,4.02543378462496,1.4417440594498,3.9545232907978,0.954900190705241
"89","DP Conway ","NZL",181.503634839654,0,46,181.503634839654,3.94573119216638,1.85498176941951,0,-0.674454097341328,3.94573119216638,1.18052767207818
"90","SN Thakur ","IND",13.6547619047619,84.9416666666667,25,98.5964285714286,0.546190476190476,-0.127055023759309,3.39766666666667,1.11172257878565,3.94385714285714,0.984667555026342
"91","GC Smith ","RSA",138.352714835694,-12.15,32,126.202714835694,4.32352233861543,2.07524562708719,-0.3796875,-0.874058420911512,3.94383483861543,1.20118720617568
"92","DJ Hussey ","AUS",78.8076595362677,74.9262820512821,39,153.73394158755,2.02070921887866,0.732634753305404,1.92118671926364,0.335526941145956,3.9418959381423,1.06816169445136
"93","RJ Peterson ","RSA",4.2051030353662,77.6333333333333,21,81.8384363686995,0.200243001684105,-0.328753041305211,3.6968253968254,1.26899237558815,3.8970683985095,0.940239334282937
"94","Shadab Khan ","PAK",82.2900132525712,298.183695652173,98,380.473708904745,0.839694012781339,0.0440665650239561,3.04269077196095,0.925109315650953,3.88238478474229,0.96917588067491
"95","Hazratullah Zazai ","AFG",143.340153422107,0,37,143.340153422107,3.87405820059749,1.81319421097105,0,-0.674454097341328,3.87405820059749,1.13874011362973
"96","S Badree ","WI",-15.5674242424242,204.675,49,189.107575757575,-0.317702535559678,-0.63073121937367,4.17704081632652,1.52144491610501,3.85933828076685,0.890713696731337
"97","P Nissanka ","SL",216.117584422162,0,56,216.117584422162,3.85924257896718,1.80455624789354,0,-0.674454097341328,3.85924257896718,1.13010215055221
"98","RG Sharma ","IND",599.650348538498,-10.8666666666667,153,588.783681871831,3.91928332378103,1.83956184872417,-0.0710239651416122,-0.711791883071339,3.84825935863942,1.12776996565283
"99","A Zampa ","AUS",-12.2184523809524,350.855072463768,88,338.636620082815,-0.13884604978355,-0.52645238728291,3.98698945981554,1.42153361415282,3.84814341003199,0.895081226869909
"100","GD Phillips ","NZL",278.804531901923,13.5886363636364,76,292.39316826556,3.66848068292004,1.69333619545377,0.178797846889952,-0.580458842600852,3.84727852981,1.11287735285292
"101","DJ Willey ","ENG",16.7719845513963,148.280952380952,43,165.052936932348,0.390046152358053,-0.218091966905038,3.44839424141749,1.13839041284522,3.83844039377554,0.920298445940185
"102","KJ Abbott ","RSA",-0.4625,80.9920619235837,21,80.5295619235837,-0.0220238095238095,-0.458341428244165,3.85676485350398,1.35307364521781,3.83474104398017,0.894732216973644
"103","L Ngidi ","RSA",-8.21964285714285,168.743872549019,42,160.524229691877,-0.195705782312925,-0.55960336011695,4.01771125116713,1.4376842706311,3.82200546885421,0.878080910514154
"104","MA Starc ","AUS",-3.48154761904763,244.173872180451,63,240.692324561403,-0.0552626606198037,-0.477720700722254,3.87577574889604,1.36306780334837,3.82051308827624,0.885347102626111
"105","M Morkel ","RSA",0.858333333333331,155.190560640732,41,156.048893974065,0.0209349593495934,-0.433295144757513,3.78513562538371,1.31541766858755,3.8060705847333,0.882122523830037
"106","Mohammad Nawaz (3) ","PAK",58.4562011088326,143.166666666666,53,201.622867775499,1.10294719073269,0.197551264344889,2.70125786163522,0.745615692315532,3.80420505236791,0.943166956660421
"107","DJ Bravo ","WI",128.945257712069,217.191666666666,91,346.136924378736,1.41698085397878,0.380642548389652,2.38672161172161,0.580261827881468,3.80370246570039,0.960904376271121
"108","Mohammad Amir ","PAK",-10.3458166833167,227.015659340659,57,216.669842657342,-0.181505555847661,-0.551324191347663,3.9827308656256,1.41929484197137,3.80122530977794,0.867970650623709
"109","JE Root ","ENG",119.327736473741,2.13333333333333,32,121.461069807074,3.72899176480441,1.72861601726212,0.0666666666666667,-0.639406973312544,3.79565843147107,1.08920904394958
"110","ST Jayasuriya ","SL",59.0094425808858,51.059090909091,29,110.068533489977,2.03480836485813,0.740854989042658,1.76065830721003,0.251136053635157,3.79546667206817,0.991991042677815
"111","AS Joseph ","WI",7.14100782258678,121.569047619048,34,128.710055441634,0.210029641840788,-0.323047129097427,3.57556022408963,1.20524244234951,3.78558986593042,0.882195313252087
"112","B Lee ","AUS",8.21190476190477,86.0039872408294,25,94.2158920027342,0.328476190476191,-0.253989148318685,3.44015948963318,1.13406134733826,3.76863568010937,0.88007219901957
"113","JE Taylor ","WI",19.9742063492064,93.0833333333334,30,113.05753968254,0.665806878306878,-0.0573149824213064,3.10277777777778,0.956697466831663,3.76858465608466,0.899382484410357
"114","HM Amla ","RSA",150.393054067567,0,40,150.393054067567,3.75982635168917,1.74659352975988,0,-0.674454097341328,3.75982635168917,1.07213943241855
"115","A Nehra ","IND",-8.92975708502025,110.4,27,101.47024291498,-0.330731743889639,-0.638327648554415,4.08888888888889,1.47510284309076,3.75815714499925,0.836775194536344
"116","MJ Henry ","NZL",-4.05196078431373,82.5416666666667,21,78.489705882353,-0.192950513538749,-0.557996953680971,3.93055555555556,1.3918659235224,3.73760504201681,0.833868969841426
"117","MDKJ Perera ","SL",276.0129289207,0,74,276.0129289207,3.72990444487432,1.72914813781313,0,-0.674454097341328,3.72990444487432,1.05469404047181
"118","JC Archer ","ENG",0.258333333333326,110.694616977226,30,110.952950310559,0.00861111111111086,-0.440480327310978,3.68982056590752,1.26530988791846,3.69843167701863,0.824829560607479
"119","R Shepherd ","WI",74.1662732262577,114.008162830349,51,188.174436056607,1.45424065149525,0.4023661562985,2.23545417314411,0.500739497661338,3.68969482463936,0.903105653959838
"120","MJ McClenaghan ","NZL",2.44285714285714,97.15,27,99.5928571428572,0.0904761904761905,-0.392750468211023,3.59814814814815,1.21711706898999,3.68862433862434,0.824366600778965
"121","Rishad Hossain ","BAN",4.08021978021979,84.1,24,88.1802197802198,0.170009157509158,-0.346380302326786,3.50416666666667,1.16771035942163,3.67417582417582,0.821330057094846
"122","DJM Short ","AUS",78.3672819981423,2.225,22,80.5922819981423,3.56214918173374,1.63134165994644,0.101136363636364,-0.62128601713857,3.6632855453701,1.01005564280787
"123","MP Stoinis ","AUS",178.945946436891,69.9571428571429,68,248.903089294034,2.63155803583664,1.08877840076659,1.02878151260504,-0.133616598279493,3.66033954844168,0.955161802487095
"124","DPMD Jayawardene ","SL",189.471616744242,-0.3,52,189.171616744242,3.64368493738927,1.67887951319509,-0.00576923076923077,-0.677487021536126,3.63791570662003,1.00139249165897
"125","AD Mathews ","SL",175.291659321818,140.96413192071,87,316.255791242529,2.01484665887147,0.729216700513199,1.62027737839897,0.177336836285399,3.63512403727044,0.906553536798597
"126","NM Coulter-Nile ","AUS",8.32478289121293,89.7416666666667,27,98.0664495578797,0.308325292267145,-0.265737741732565,3.32376543209877,1.07287219277893,3.63209072436591,0.807134451046363
"127","AC Agar ","AUS",0.670911529642233,169.920833333333,47,170.591744862975,0.0142747133966432,-0.43717827298961,3.61533687943262,1.22615330294835,3.62961159282926,0.788975029958741
"128","Usman Qadir ","PAK",-3.43333333333332,94.1583333333333,25,90.725,-0.137333333333333,-0.525570427067554,3.76633333333333,1.30553317466483,3.629,0.779962747597272
"129","Sohail Tanvir ","PAK",22.0850482850483,177.17536231884,55,199.260410603889,0.401546332455423,-0.211387008210455,3.22137022397891,1.01904232939498,3.62291655643434,0.807655321184528
"130","JO Holder ","WI",48.774326253494,175.660989036763,62,224.435315290257,0.786682681507968,0.0131593284830194,2.83324175865746,0.815000532446646,3.61992444016543,0.828159860929665
"131","JB Little ","IRE",-17.2794094794095,194.398917748917,49,177.119508269508,-0.352641009783867,-0.651101424408849,3.96732485201872,1.41119579492633,3.61468384223486,0.760094370517484
"132","MG Bracewell ","NZL",23.8373862248862,80.9666666666667,29,104.804052891553,0.821978835340905,0.0337380717308402,2.79195402298851,0.793295286553783,3.61393285832941,0.827033358284623
"133","CJ Jordan ","ENG",62.9451279441756,262.554278074866,91,325.499406019041,0.691704702683248,-0.0422157543002772,2.88521184697655,0.842321564413232,3.57691654965979,0.800105810112955
"134","SCJ Broad ","ENG",2.14247835497835,190.15,54,192.292478354978,0.0396755250921916,-0.422368818547547,3.52129629629629,1.17671552323458,3.56097182138848,0.754346704687034
"135","Mohammad Shahzad ","AFG",134.954870125627,0,38,134.954870125627,3.55144395067439,1.62510018099035,0,-0.674454097341328,3.55144395067439,0.950646083649026
"136","LS Livingstone ","ENG",143.035229397773,54.7083333333334,56,197.743562731106,2.55420052496023,1.04367659272963,0.976934523809525,-0.160872915982025,3.53113504876975,0.882803676747602
"137","BJ Bennett ","ZIM",67.2610409201607,20.8333333333333,25,88.0943742534941,2.69044163680643,1.12310935114719,0.833333333333333,-0.236365046981528,3.52377497013976,0.886744304165658
"138","SL Malinga ","SL",-34.4884529943741,319.548103707886,81,285.059650713512,-0.425783370300914,-0.693745670145768,3.94503831738131,1.39947961077219,3.51925494708039,0.705733940626425
"139","A Nortje ","RSA",-26.8333333333333,159.979761904762,38,133.146428571428,-0.706140350877193,-0.857202412439023,4.20999373433583,1.53876849117375,3.50385338345864,0.681566078734722
"140","Abdur Razzak ","BAN",-31.0541666666667,129.066666666667,28,98.0124999999999,-1.10907738095238,-1.09212709364378,4.60952380952381,1.74880419264888,3.50044642857143,0.656677099005103
"141","SC Williams ","ZIM",107.540314404807,84.9583333333334,55,192.498647738141,1.95527844372377,0.694486599010989,1.54469696969697,0.137603696916521,3.49997541342074,0.83209029592751
"142","B Kumar ","IND",-19.6287878787879,312.309415584415,84,292.680627705627,-0.233676046176046,-0.581741191756895,3.7179692331478,1.28010783539868,3.48429318697175,0.698366643641785
"143","Mohammad Saifuddin ","BAN",20.3408313908314,94.4786231884058,33,114.819454579237,0.616388830025194,-0.0861272244636167,2.86298858146684,0.830638641273585,3.47937741149204,0.744511416809969
"144","JJ Roy ","ENG",222.635951819196,0,64,222.635951819196,3.47868674717493,1.58268049364052,0,-0.674454097341328,3.47868674717493,0.908226396299196
"145","Washington Sundar ","IND",18.4622991301784,165.183333333333,53,183.645632463512,0.34834526660714,-0.242404865844014,3.11666666666666,0.963998951004323,3.4650119332738,0.721594085160309
"146","YS Chahal ","IND",-11.4166666666667,284.615476190476,79,273.198809523809,-0.144514767932489,-0.529757424309988,3.60272754671488,1.21952449023317,3.45821277878239,0.689767065923182
"147","S Dhawan ","IND",231.325600296835,0,67,231.325600296835,3.45262089995276,1.56748330303271,0,-0.674454097341328,3.45262089995276,0.893029205691379
"148","SMSM Senanayake ","SL",-9.7155303030303,89.0166666666667,23,79.3011363636364,-0.422414361001317,-0.691781434107358,3.87028985507246,1.36018383132971,3.44787549407115,0.668402397222352
"149","LM Jongwe ","ZIM",26.7112828215517,121.281422924901,43,147.992705746453,0.621192623757016,-0.0833264649732041,2.82049820755584,0.808301160206261,3.44169083131286,0.724974695233057
"150","T Shamsi ","RSA",-32.6666666666667,266.567803030303,68,233.901136363636,-0.480392156862745,-0.725584272250972,3.92011475044563,1.38637712064768,3.43972259358288,0.660792848396703
"151","Mohammad Ashraful ","BAN",54.762483352856,17.275,21,72.037483352856,2.60773730251695,1.07489018061431,0.822619047619047,-0.241997620486154,3.430356350136,0.832892560128154
"152","RL Chase ","WI",38.55618715024,60.5333333333334,29,99.0895204835734,1.32952369483586,0.329652334790047,2.08735632183908,0.422883441215083,3.41688001667494,0.75253577600513
"153","BA King ","WI",204.809965580198,0,60,204.809965580198,3.41349942633664,1.54467428070033,0,-0.674454097341328,3.41349942633664,0.870220183358998
"154","BA Stokes ","ENG",82.9660284102831,63.7982142857143,43,146.764242695997,1.92944252116937,0.679423461556012,1.48367940199336,0.105526342967871,3.41312192316273,0.784949804523884
"155","K Rabada ","RSA",9.0256649116203,198.939130434782,61,207.964795346402,0.147961719862628,-0.359234636562402,3.26129722024233,1.04003222524709,3.40925894010496,0.680797588684692
"156","Sikandar Raza ","ZIM",129.29909925308,112.338235294118,71,241.637334547197,1.82111407398704,0.616264645115223,1.58222866611433,0.157334367206769,3.40334274010137,0.773599012321992
"157","KMDN Kulasekara ","SL",-13.8558621933622,200.651819446314,55,186.795957252951,-0.25192476715204,-0.592380757340827,3.64821489902388,1.24343750340489,3.39629013187184,0.651056746064062
"158","Abdul Razzaq ","PAK",42.9959654987038,65.1380952380953,32,108.134060736799,1.3436239218345,0.337873200794718,2.03556547619048,0.395656638350049,3.37918939802497,0.733529839144767
"159","SK Raina ","IND",226.618130817117,33.0885964912281,77,259.706727308345,2.9430926080145,1.2704126378569,0.429722032353612,-0.448546276854355,3.37281464036811,0.821866361002548
"160","TL Seifert ","NZL",212.080287062964,0,63,212.080287062964,3.36635376290418,1.51718690891425,0,-0.674454097341328,3.36635376290418,0.842732811572919
"161","KW Richardson ","AUS",-8.66071428571427,128.94823705706,36,120.287522771346,-0.240575396825396,-0.585763725380861,3.58189547380723,1.20857292658861,3.34132007698184,0.622809201207745
"162","G Gambhir ","IND",120.061484117858,0,36,120.061484117858,3.33504122549606,1.4989307365616,0,-0.674454097341328,3.33504122549606,0.824476639220272
"163","HE van der Dussen ","RSA",166.352435919662,0,50,166.352435919662,3.32704871839323,1.4942708591043,0,-0.674454097341328,3.32704871839323,0.819816761762974
"164","JA Morkel ","RSA",94.0834942131662,65.5083333333334,48,159.5918275465,1.96007279610763,0.697281853905161,1.36475694444445,0.0430079911750044,3.32482974055207,0.740289845080166
"165","DM de Silva ","SL",78.5225486665379,57.6461538461539,41,136.168702512692,1.915184113818,0.67111037154072,1.40600375234522,0.0646917210593504,3.32118786616321,0.735802092600071
"166","Taskin Ahmed ","BAN",-4.61304341083753,213.542521191959,63,208.929477781121,-0.0732229112831354,-0.488192079241754,3.38956382844379,1.10746286114292,3.31634091716066,0.619270781901162
"167","Ishan Kishan ","IND",106.08115244861,0,32,106.08115244861,3.31503601401908,1.48726708299323,0,-0.674454097341328,3.31503601401908,0.812812985651905
"168","HV Patel ","IND",7.41590909090911,74.9927830940989,25,82.408692185008,0.296636363636364,-0.272552746627248,2.99971132376396,0.902514724876221,3.29634768740032,0.629961978248974
"169","Rahmanullah Gurbaz ","AFG",183.870478387691,0,56,183.870478387691,3.2834013997802,1.46882312994251,0,-0.674454097341328,3.2834013997802,0.794369032601187
"170","PR Stirling ","IRE",257.416166522919,14.2416666666667,83,271.657833189586,3.10139959666168,1.36271048110423,0.171586345381526,-0.584249978417846,3.2729859420432,0.778460502686382
"171","WD Parnell ","RSA",8.99564229049524,166.253235681624,54,175.248877972119,0.166585968342505,-0.348376126894038,3.07876362373378,0.944073061303267,3.24534959207628,0.595696934409229
"172","N Pooran ","WI",329.901338687619,0,102,329.901338687619,3.23432684987862,1.44021115802039,0,-0.674454097341328,3.23432684987862,0.765757060679061
"173","OC McCoy ","WI",-8.43571428571427,137.305952380952,40,128.870238095238,-0.210892857142857,-0.568457891834198,3.4326488095238,1.13011293127825,3.22175595238094,0.561655039444052
"174","Mustafizur Rahman ","BAN",-40.5761904761905,346.257593265979,95,305.681402789788,-0.427117794486216,-0.694523680487149,3.64481677122083,1.2416510843062,3.21769897673461,0.54712740381905
"175","H Masakadza ","ZIM",186.397575270415,-0.399999999999999,58,185.997575270415,3.21375129776578,1.42821497832001,-0.00689655172413791,-0.678079661896029,3.20685474604164,0.750135316423976
"176","B Muzarabani ","ZIM",-40.2083333333333,206.928105590062,52,166.719772256728,-0.77323717948718,-0.896321927138652,3.97938664596273,1.41753676275181,3.20614946647555,0.521214835613158
"177","Wahab Riaz ","PAK",14.6547619047619,100.660196687371,36,115.314958592133,0.40707671957672,-0.208162622426982,2.79611657464919,0.795483568518703,3.20319329422591,0.587320946091721
"178","MM Ali ","ENG",152.808286314314,125.22619047619,87,278.034476790504,1.75641708407257,0.578544310184159,1.43938149972632,0.0822386318433563,3.19579858379889,0.660782942027515
"179","RP Burl ","ZIM",93.6554359151084,85.2083333333334,56,178.863769248442,1.67241849848408,0.529570551338157,1.52157738095238,0.12544957050313,3.19399587943646,0.655020121841287
"180","EJG Morgan ","ENG",359.460798327378,0,113,359.460798327378,3.18106901174671,1.4091602003994,0,-0.674454097341328,3.18106901174671,0.734706103058068
"181","RS Bopara ","ENG",70.2241969486482,44.0113636363637,36,114.235560585012,1.95067213746245,0.691800980789774,1.22253787878788,-0.0317575473248472,3.17321001625033,0.660043433464926
"182","AD Russell ","WI",165.471666537767,83.7693780856822,79,249.241044623449,2.09457805744009,0.775702558085649,1.06037187450231,-0.117009328306579,3.1549499319424,0.658693229779069
"183","AU Rashid ","ENG",-27.6105614973262,402.704761904761,119,375.094200407435,-0.232021525187615,-0.58077655513444,3.38407362945177,1.10457662586768,3.15205210426416,0.523800070733236
"184","KR Mayers ","WI",127.382858667876,-10.8,37,116.582858667876,3.44277996399665,1.56174573470394,-0.291891891891892,-0.827903667413301,3.15088807210476,0.733842067290641
"185","KA Pollard ","WI",232.861981022021,85.0583333333335,101,317.920314355355,2.30556416853487,0.898713949911121,0.842161716171619,-0.231723905556923,3.14772588470648,0.666990044354198
"186","BKG Mendis ","SL",232.408355507693,0,74,232.408355507693,3.14065345280667,1.38559668652248,0,-0.674454097341328,3.14065345280667,0.711142589181148
"187","DJG Sammy ","WI",83.2065213381389,123.757530151008,66,206.964051489147,1.26070486875968,0.28952884260613,1.87511409319709,0.311306245544663,3.13581896195677,0.600835088150793
"188","JP Inglis ","AUS",81.471331908832,0,26,81.471331908832,3.13351276572431,1.38143344633556,0,-0.674454097341328,3.13351276572431,0.70697934899423
"189","DA Miller ","RSA",382.271325469479,0,122,382.271325469479,3.13337152024163,1.38135109587503,0,-0.674454097341328,3.13337152024163,0.706896998533704
"190","J Charles ","WI",178.445510499445,0,57,178.445510499445,3.13062299121833,1.3797486189211,0,-0.674454097341328,3.13062299121833,0.705294521579775
"191","JM Bairstow ","ENG",237.234172992949,0,76,237.234172992949,3.12150227622301,1.37443096156349,0,-0.674454097341328,3.12150227622301,0.699976864222158
"192","KC Sangakkara ","SL",168.552324522433,0,54,168.552324522433,3.12133934300802,1.37433596648799,0,-0.674454097341328,3.12133934300802,0.699881869146667
"193","KMA Paul ","WI",12.4477085414585,56.2158780903666,22,68.6635866318251,0.56580493370266,-0.115619191770389,2.55526718592575,0.668867392536,3.12107211962842,0.55324820076561
"194","Imran Nazir ","PAK",71.7517012507913,0,23,71.7517012507913,3.11963918481701,1.37334472197283,0,-0.674454097341328,3.11963918481701,0.698890624631502
"195","TM Dilshan ","SL",215.822451727298,19.8238095238095,76,235.646261251108,2.83976910167498,1.21017185585868,0.260839598997493,-0.537328930676076,3.10060870067247,0.672842925182606
"196","CR Woakes ","ENG",16.1474206349206,86.15,33,102.297420634921,0.489315776815777,-0.16021472272449,2.61060606060606,0.69795941860401,3.09992183742184,0.537744695879521
"197","LE Plunkett ","ENG",-7.2590909090909,75.4314171122995,22,68.1723262032086,-0.32995867768595,-0.637876927181356,3.4287007778318,1.12803742393256,3.09874210014585,0.490160496751203
"198","AF Milne ","NZL",-16.7983044733045,174.829703410624,51,158.03139893732,-0.329378519084401,-0.637538676873383,3.42803340020832,1.1276865789374,3.09865488112391,0.490147902064015
"199","GJ Delany ","IRE",62.4185680723793,76.8372294372295,45,139.255797509609,1.38707929049732,0.363209017231951,1.70749398749399,0.223187206030244,3.09457327799131,0.586396223262195
"200","SS Cottrell ","WI",-16.6202380952381,155.724265094173,45,139.104026998935,-0.369338624338624,-0.660836647243604,3.46053922431496,1.14477511367425,3.09120059997634,0.483938466430646
"201","Gulbadin Naib ","AFG",94.8689442350329,68.9178571428572,53,163.78680137789,1.78998007990628,0.598112569013683,1.30033692722372,0.00914194617293717,3.09031700713,0.60725451518662
"202","SM Curran ","ENG",39.639753996004,133.412004662004,56,173.051758658008,0.707852749928643,-0.0328009461092905,2.38235722610722,0.577967440422418,3.09020997603587,0.545166494313127
"203","RA Jadeja ","IND",61.1942842649763,155.072514005602,70,216.266798270578,0.874204060928233,0.0641869844794647,2.21532162865145,0.490155680903602,3.08952568957969,0.554342665383067
"204","LMP Simmons ","WI",198.385281098214,11.3333333333333,68,209.718614431548,2.91743060438551,1.25545090048446,0.166666666666667,-0.586836287269368,3.08409727105217,0.668614613215094
"205","Shoriful Islam ","BAN",4.28571428571428,115.574446987033,39,119.860161272747,0.10989010989011,-0.381431556101111,2.96344735864187,0.883450509625081,3.07333746853198,0.50201895352397
"206","Mahedi Hasan ","BAN",7.11809004978507,146.463095238095,50,153.58118528788,0.142361800995701,-0.362499561492086,2.9292619047619,0.865478981993408,3.0716237057576,0.502979420501323
"207","Towhid Hridoy ","BAN",82.6180836116498,0,27,82.6180836116498,3.0599290226537,1.33853186099482,0,-0.674454097341328,3.0599290226537,0.664077763653489
"208","JW Dernbach ","ENG",-5.81428571428572,109.754761904762,34,103.940476190476,-0.171008403361345,-0.545204028599292,3.228081232493,1.02257035261125,3.05707282913165,0.477366324011962
"209","IS Sodhi ","NZL",-23.1066593129093,379.349510634292,117,356.242851321383,-0.197492814640251,-0.560645254925479,3.24230350969481,1.03004710130721,3.04481069505456,0.469401846381728
"210","Mohammad Wasim (1) ","PAK",-7.84111721611721,92.8,28,84.9588827838828,-0.280039900575615,-0.608772744831602,3.31428571428572,1.06788864008965,3.0342458137101,0.459115895258048
"211","MJ Lumb ","ENG",78.7548771914534,0,26,78.7548771914534,3.02903373813282,1.32051895990841,0,-0.674454097341328,3.02903373813282,0.646064862567079
"212","JD Ryder ","NZL",52.4115944704796,10.8,21,63.2115944704796,2.49579021287998,1.00962158432804,0.514285714285714,-0.40409056911928,3.0100759271657,0.60553101520876
"213","SS Iyer ","IND",152.417918984101,0.7,51,153.117918984101,2.98858664674707,1.29693706164583,0.0137254901960784,-0.66723851298246,3.00231213694315,0.629698548663371
"214","Shoaib Malik ","PAK",256.799466529284,76.2750000000001,111,333.074466529284,2.31350870747103,0.903345860451953,0.687162162162163,-0.313208234463557,3.00067086963319,0.590137625988396
"215","AG Cremer ","ZIM",-25.9351731601732,109.858333333333,28,83.9231601731602,-0.926256184291899,-0.985536713169386,3.9235119047619,1.38816302797769,2.99725572047001,0.402626314808302
"216","RK Singh ","IND",86.9531030272409,8.7,32,95.6531030272409,2.71728446960128,1.13875954824073,0.271875,-0.531527544661443,2.98915946960128,0.607232003579283
"217","NL McCullum ","NZL",-8.094734268999,190.005418856505,61,181.910684587506,-0.132700561786869,-0.522869378771137,3.11484293207386,0.96304020121728,2.98214237028699,0.440170822446142
"218","MN Waller ","ZIM",89.836989945781,-0.399999999999999,30,89.436989945781,2.99456633152603,1.30042340178225,-0.0133333333333333,-0.681463522147084,2.9812329981927,0.618959879635169
"219","JDP Oram ","NZL",59.6648725272558,40.6750000000001,34,100.339872527256,1.75484919197811,0.577630180871235,1.19632352941177,-0.0455386106336253,2.95117272138988,0.53209157023761
"220","Fareed Ahmad ","AFG",-0.86111111111111,77.548440285205,26,76.6873291740939,-0.0331196581196581,-0.464810649237802,2.98263231866173,0.893536174724633,2.94951266054207,0.428725525486831
"221","AL Phehlukwayo ","RSA",-7.55561497326203,131.244078947368,42,123.688463974106,-0.179895594601477,-0.550385534425411,3.12485902255639,0.968305728698651,2.94496342795491,0.417920194273239
"222","JEC Franklin ","NZL",52.3450443052529,56.6071428571429,37,108.952187162396,1.414730927169,0.379330771861134,1.52992277992278,0.129836803994908,2.94465370709178,0.509167575856043
"223","CJ Anderson ","NZL",59.3237859640431,28.3333333333334,30,87.6571192973765,1.97745953213477,0.707418855752833,0.944444444444445,-0.17795317360022,2.92190397657922,0.529465682152613
"224","CL White ","AUS",134.542525066353,2.5,47,137.042525066353,2.86260691630539,1.22348700418462,0.0531914893617021,-0.646490966467298,2.91579840566709,0.576996037717318
"225","SV Samson ","IND",122.279138356275,0,42,122.279138356275,2.91140805610177,1.25193956960645,0,-0.674454097341328,2.91140805610177,0.577485472265126
"226","G Motie ","WI",-3.34621212121213,79.0000000000001,26,75.6537878787879,-0.128700466200466,-0.520537200017924,3.03846153846154,0.922885978585945,2.90976107226107,0.402348778568021
"227","Litton Das ","BAN",244.967494373605,0,85,244.967494373605,2.88197052204241,1.23477658187346,0,-0.674454097341328,2.88197052204241,0.560322484532132
"228","KD Mills ","NZL",-4.47344877344879,122.571281464531,41,118.097832691082,-0.109108506669483,-0.509114485043989,2.98954345035441,0.897169404068822,2.88043494368493,0.388054919024832
"229","SJ Benn ","WI",-0.1076388888889,69.0916666666667,24,68.9840277777778,-0.00448495370370416,-0.448115735878622,2.87881944444445,0.838961034547466,2.87433449074074,0.390845298668844
"230","YK Pathan ","IND",31.2407603621159,31.9122549019608,22,63.1530152640767,1.42003456191436,0.382422954035474,1.45055704099822,0.0881136905590297,2.87059160291258,0.470536644594504
"231","R Powell ","WI",254.426307179429,-5.07499999999999,87,249.351307179429,2.92444031240723,1.25953777585065,-0.0583333333333332,-0.705120330866513,2.86610697907389,0.55441744498414
"232","KA Maharaj ","RSA",-6.47480158730158,109.612004662005,36,103.137203074703,-0.179855599647266,-0.550362216137028,3.04477790727791,0.926206537005727,2.86492230763064,0.3758443208687
"233","SD Hope ","WI",108.802363502391,0,38,108.802363502391,2.86322009216818,1.22384450457137,0,-0.674454097341328,2.86322009216818,0.549390407230041
"234","AJ Hosein ","WI",9.3997072415029,170.883333333333,63,180.283040574836,0.149201702246078,-0.358511688696138,2.71243386243386,0.751490992607568,2.86163556467993,0.39297930391143
"235","CBRLS Kumara ","SL",-5.15,70.9650056465274,23,65.8150056465274,-0.223913043478261,-0.576049060914638,3.08543502810989,0.947580264352501,2.86152198463163,0.371531203437863
"236","I Udana ","SL",26.4719720496894,73.5623599439776,35,100.034331993667,0.756342058562555,-0.00453018784580906,2.10178171268507,0.43046696814723,2.85812377124763,0.425936780301421
"237","MEK Hussey ","AUS",107.035846132024,1.2,38,108.235846132024,2.81673279294799,1.19674097936959,0.0315789473684211,-0.657852828064535,2.84831174031641,0.538888151305056
"238","Nasum Ahmed ","BAN",-12.0549019607843,105.702807486631,33,93.6479055258468,-0.365300059417706,-0.658482039685211,3.20311537838276,1.00944563182896,2.83781531896505,0.350963592143751
"239","HC Brook ","ENG",113.498833847587,0,40,113.498833847587,2.83747084618968,1.20883190222595,0,-0.674454097341328,2.83747084618968,0.534377804884623
"240","Faheem Ashraf ","PAK",27.6856920040743,99.6154761904763,45,127.301168194551,0.61523760009054,-0.0867984269225749,2.21367724867725,0.489291219070007,2.82891484876779,0.402492792147432
"241","KIC Asalanka ","SL",136.619263908192,16.1333333333333,54,152.752597241525,2.52998636867022,1.02955899488559,0.298765432098765,-0.517391060027147,2.82875180076899,0.512167934858445
"242","TT Bresnan ","ENG",22.8283702987877,70.0008563899869,33,92.8292266887746,0.69176879693296,-0.0421783853814216,2.12123807242384,0.44069530994093,2.8130068693568,0.398516924559508
"243","Fakhar Zaman ","PAK",229.782404142776,-2.3,81,227.482404142776,2.83681980423181,1.20845232474116,-0.0283950617283951,-0.689381576094328,2.80842474250341,0.519070748646837
"244","FA Allen ","WI",33.4915151841622,75.6606060606061,39,109.152121244768,0.858756799593902,0.0551807560278954,1.94001554001554,0.345425381389068,2.79877233960944,0.400606137416964
"245","NLTC Perera ","SL",157.091658631034,63.5962662337664,79,220.687924864801,1.98850200798778,0.713856958795869,0.805016028275524,-0.251251648519357,2.7935180362633,0.462605310276512
"246","R Rampaul ","WI",-10.2708333333333,85.6957071532587,27,75.4248738199254,-0.380401234567901,-0.667286489247255,3.17391507975032,0.994094834511235,2.79351384518242,0.32680834526398
"247","Sabbir Rahman ","BAN",100.37821346117,13.9115384615385,41,114.289751922708,2.44824910880902,0.981903658487596,0.339305816135084,-0.496078702014716,2.7875549249441,0.485824956472879
"248","SPD Smith ","AUS",133.913659534559,52.5916666666667,67,186.505326201226,1.9987113363367,0.719809311219866,0.784950248756219,-0.261800366472566,2.78366158509292,0.458008944747299
"249","BMAJ Mendis ","SL",20.7100448098513,40.425,22,61.1350448098513,0.941365673175058,0.103344270031847,1.8375,0.291532258702032,2.77886567317506,0.394876528733879
"250","AB de Villiers ","RSA",209.45469408393,0,76,209.45469408393,2.75598281689382,1.16132187491285,0,-0.674454097341328,2.75598281689382,0.486867777571518
"251","Mahmudullah ","BAN",247.013923391587,93.8416666666665,124,340.855590058253,1.99204776928699,0.715924246686212,0.7567876344086,-0.276605646042804,2.74883540369559,0.439318600643408
"252","OF Smith ","WI",26.7664215686274,44.6666666666667,26,71.4330882352942,1.02947775263952,0.154716322321539,1.71794871794872,0.228683329554262,2.74742647058824,0.383399651875801
"253","DR Smith ","WI",80.8594937422893,9.26666666666664,33,90.1261604089559,2.45028768916028,0.983092213530653,0.28080808080808,-0.526831362795844,2.73109576996836,0.456260850734809
"254","TH David ","AUS",92.545770789313,0,34,92.545770789313,2.72193443497979,1.14147062107004,0,-0.674454097341328,2.72193443497979,0.467016523728711
"255","Ibrahim Zadran ","AFG",97.9530607444128,0,36,97.9530607444128,2.72091835401147,1.14087821461507,0,-0.674454097341328,2.72091835401147,0.466424117273743
"256","R Ravindra ","NZL",25.3443681318681,31.5166666666667,21,56.8610347985348,1.2068746729461,0.258144182853377,1.50079365079365,0.114523420973322,2.70766832373975,0.372667603826699
"257","Avesh Khan ","IND",2.10833333333333,59.6909663865546,23,61.7992997198879,0.0916666666666663,-0.392056383977868,2.59525940811107,0.689891578102731,2.68692607477774,0.297835194124863
"258","Saim Ayub ","PAK",71.2461956525023,-1.65,26,69.5961956525023,2.74023829432701,1.15214233402022,-0.0634615384615384,-0.707816263484112,2.67677675586547,0.44432607053611
"259","Ahmed Shehzad ","PAK",145.737776514848,-1.3,54,144.437776514848,2.69884771323793,1.12801035224278,-0.0240740740740741,-0.687110003240611,2.67477363916386,0.440900349002169
"260","CA Young ","IRE",-20.4929292929293,112.475,35,91.9820707070708,-0.585512265512265,-0.786872528651953,3.21357142857143,1.01494244914617,2.62805916305917,0.228069920494213
"261","PD Collingwood ","ENG",63.2723945854281,25.6,34,88.8723945854282,1.86095278192436,0.63949183711601,0.752941176470589,-0.278627755369178,2.61389395839495,0.360864081746832
"262","CR Brathwaite ","WI",32.1179056694217,72.170054945055,40,104.287960614477,0.802947641735542,0.0226423005383747,1.80425137362638,0.274053227717485,2.60719901536192,0.29669552825586
"263","MS Dhoni ","IND",249.397551754798,0,96,249.397551754798,2.59789116411248,1.06914957909815,0,-0.674454097341328,2.59789116411248,0.394695481756818
"264","DJ Mitchell ","NZL",173.879897379097,0.109740259740256,67,173.989637638838,2.59522234894175,1.06759357777193,0.00163791432448144,-0.673593034544148,2.59686026326623,0.394000543227781
"265","H Klaasen ","RSA",142.377743944864,-3.3,54,139.077743944864,2.63662488786784,1.09173253133612,-0.0611111111111111,-0.706580627701046,2.57551377675673,0.385151903635078
"266","BJ McCarthy ","IRE",4.05828411354724,92.625432900433,38,96.6837170139802,0.106796950356506,-0.383234963241953,2.43751139211666,0.606962363874969,2.54430834247316,0.223727400633016
"267","A Balbirnie ","IRE",143.982995517028,0,57,143.982995517028,2.52601746521102,1.02724500210188,0,-0.674454097341328,2.52601746521102,0.35279090476055
"268","Mosaddek Hossain ","BAN",22.5081267165439,53.1015151515152,30,75.6096418680591,0.750270890551465,-0.00806986552020846,1.77005050505051,0.256073596474426,2.52032139560197,0.248003730954217
"269","WG Jacks ","ENG",58.7646466539458,-6.15,21,52.6146466539458,2.79831650733075,1.18600371844622,-0.292857142857143,-0.828411106467772,2.50545936447361,0.357592611978447
"270","Karim Janat ","AFG",30.1486350220773,107.195933014354,55,137.344568036431,0.548157000401405,-0.125908479662213,1.94901696389735,0.350157491677388,2.49717396429875,0.224249012015175
"271","PVD Chameera ","SL",-11.7880952380953,136.434877955759,50,124.646782717663,-0.235761904761905,-0.582957311464805,2.72869755911517,0.760040929528918,2.49293565435327,0.177083618064113
"272","LL Tsotsobe ","RSA",-6.51785714285714,61.3166666666667,22,54.7988095238096,-0.296266233766234,-0.618233196136405,2.78712121212121,0.790754644725677,2.49085497835498,0.172521448589272
"273","M Theekshana ","SL",-33.0604166666667,166.948496240601,54,133.888079573934,-0.612229938271605,-0.802449753595387,3.09163881927039,0.950841639926264,2.47940888099879,0.148391886330877
"274","CJ Chibhabha ","ZIM",54.0191805676809,29.9984848484849,34,84.0176654161658,1.5887994284612,0.480818061739233,0.882308377896614,-0.21061853006466,2.47110780635782,0.270199531674574
"275","A Dananjaya ","SL",-3.033658008658,83.2217532467533,33,80.1880952380953,-0.091929030565394,-0.499098322105913,2.52187131050768,0.651310951718592,2.42994227994228,0.152212629612679
"276","MS Chapman ","NZL",147.109734345737,5.6,63,152.709734345737,2.33507514834504,0.915919758775723,0.0888888888888889,-0.627724598636282,2.42396403723392,0.288195160139441
"277","S Dube ","IND",67.6391295999752,12.1916666666667,33,79.8307962666418,2.04967059393864,0.749520125697086,0.369444444444445,-0.480234618348483,2.41911503838309,0.269285507348604
"278","TL Chatara ","ZIM",-13.775,95.8297101449276,34,82.0547101449276,-0.40514705882353,-0.681714065867149,2.81852088661552,0.807261669022657,2.41337382779199,0.125547603155508
"279","MK Pandey ","IND",93.4115962122933,0,39,93.4115962122933,2.39516913364855,0.950956400449277,0,-0.674454097341328,2.39516913364855,0.276502303107949
"280","TK Curran ","ENG",1.76428571428572,69.7583333333333,30,71.5226190476191,0.0588095238095239,-0.411213108812944,2.32527777777778,0.547960382845968,2.3840873015873,0.136747274033024
"281","Usman Ghani ","AFG",69.0721379880148,0,29,69.0721379880148,2.38179786165568,0.9431605376326,0,-0.674454097341328,2.38179786165568,0.268706440291272
"282","Mashrafe Mortaza ","BAN",35.2974067190979,76.5340579710146,47,111.831464690112,0.751008653597827,-0.0076397269736496,1.62838421214925,0.181598654404298,2.37939286574707,0.173958927430648
"283","C Kieswetter ","ENG",58.7676047482064,0,25,58.7676047482064,2.35070418992826,0.925031970703202,0,-0.674454097341328,2.35070418992826,0.250577873361875
"284","Iftikhar Ahmed ","PAK",129.887960776172,17.1333333333333,63,147.021294109505,2.06171366311384,0.756541605421058,0.271957671957672,-0.531484083446129,2.33367133507151,0.225057521974929
"285","T Stubbs ","RSA",87.44401945028,-13.1,32,74.34401945028,2.73262560782125,1.14770390365272,-0.409375,-0.88966534333058,2.32325060782125,0.258038560322138
"286","LRPL Taylor ","NZL",228.802463397672,0,99,228.802463397672,2.31113599391588,0.901962495474478,0,-0.674454097341328,2.31113599391588,0.22750839813315
"287","Najmul Hossain Shanto ","BAN",99.6277449519825,-1.9,43,97.7277449519825,2.3169243012089,0.905337256650619,-0.0441860465116279,-0.697683005127847,2.27273825469727,0.207654251522771
"288","MD Shanaka ","SL",148.439801630445,66.9268398268399,95,215.366641457285,1.5625242276889,0.465498811572842,0.704493050808842,-0.304097267404619,2.26701727849774,0.161401544168223
"289","F Behardien ","RSA",73.4581099148554,12.35,38,85.8081099148554,1.93310815565409,0.681560639200307,0.325,-0.503599367701006,2.25810815565409,0.177961271499301
"290","Misbah-ul-Haq ","PAK",78.5145936202791,0,35,78.5145936202791,2.24327410343654,0.862396926174892,0,-0.674454097341328,2.24327410343654,0.187942828833564
"291","Tamim Iqbal ","BAN",147.372574786086,0,66,147.372574786086,2.23291779978919,0.856358882631559,0,-0.674454097341328,2.23291779978919,0.181904785290232
"292","MC Henriques ","AUS",38.6676210318264,14.9166666666666,24,53.584287698493,1.6111508763261,0.493849643282249,0.621527777777777,-0.347712680614644,2.23267865410388,0.146136962667605
"293","RJW Topley ","ENG",-7.2625,78.345695970696,32,71.083195970696,-0.226953125,-0.577821521942104,2.44830299908425,0.612635585692916,2.22134987408425,0.0348140637508122
"294","BRM Taylor ","ZIM",82.7881208737782,8.15,41,90.9381208737782,2.01922246033605,0.731767927348543,0.198780487804878,-0.569953831182331,2.21800294814093,0.161814096166212
"295","HT Tector ","IRE",94.0620972199116,25.325,54,119.387097219912,1.74189068925762,0.570074975235422,0.468981481481481,-0.427907315111062,2.2108721707391,0.14216766012436
"296","JDS Neesham ","NZL",107.58610259976,53.127380952381,73,160.713483552141,1.47378222739397,0.413759496065233,0.727772341813439,-0.291859184417515,2.20155456920741,0.121900311647719
"297","GJ Bailey ","AUS",63.6061330597922,0,29,63.6061330597922,2.19331493309628,0.833269193329761,0,-0.674454097341328,2.19331493309628,0.158815095988434
"298","LJ Wright ","ENG",63.7566232716891,45.275,50,109.031623271689,1.27513246543378,0.297940575200133,0.905500000000001,-0.198426535220368,2.18063246543378,0.0995140399797647
"299","KD Karthik ","IND",127.042565019206,-5.3,56,121.742565019206,2.26861723248582,0.877172749860098,-0.0946428571428571,-0.72420849663219,2.17397437534296,0.152964253227908
"300","Umar Akmal ","PAK",180.307822497745,0,83,180.307822497745,2.17238340358729,0.821065467859033,0,-0.674454097341328,2.17238340358729,0.146611370517706
"301","Najibullah Zadran ","AFG",164.356880651318,0,76,164.356880651318,2.16259053488577,0.815355924218043,0,-0.674454097341328,2.16259053488577,0.140901826876716
"302","Mohammed Shami ","IND",-5.75,53.2704710144928,22,47.5204710144928,-0.261363636363636,-0.597883908391635,2.42138504611331,0.598484633147313,2.16002140974967,0.000600724755678073
"303","WP Masakadza ","ZIM",5.35469924812029,93.8916666666667,46,99.246365914787,0.116406505393919,-0.377632297105107,2.0411231884058,0.398578365789949,2.15752969379972,0.020946068684842
"304","N Dickwella ","SL",60.174611325859,0,28,60.174611325859,2.14909326163782,0.807486598794379,0,-0.674454097341328,2.14909326163782,0.133032501453051
"305","CK Kapugedera ","SL",89.397680067517,0,42,89.397680067517,2.12851619208374,0.79548953437908,0,-0.674454097341328,2.12851619208374,0.121035437037753
"306","Mohammad Hasnain ","PAK",-5.025,64.5250000000001,28,59.5000000000001,-0.179464285714286,-0.550134068078907,2.30446428571429,0.53701858727865,2.125,-0.0131154808002577
"307","SE Rutherford ","WI",58.1048002650944,-5.31666666666666,25,52.7881335984277,2.32419201060377,0.909574554752415,-0.212666666666667,-0.786254422993149,2.11152534393711,0.123320131759266
"308","MD Gunathilaka ","SL",78.8312207732126,15.35,45,94.1812207732126,1.75180490607139,0.575855268558017,0.341111111111111,-0.495129646060716,2.0929160171825,0.0807256224973005
"309","Mohammad Naim ","BAN",68.9041490993752,0,33,68.9041490993752,2.08800451816288,0.771869982512249,0,-0.674454097341328,2.08800451816288,0.0974158851709211
"310","RR Pant ","IND",149.669004664629,0,72,149.669004664629,2.07873617589762,0.766466253915855,0,-0.674454097341328,2.07873617589762,0.0920121565745275
"311","R Ngarava ","ZIM",-27.5684523809524,122.858925723399,46,95.290473342447,-0.599314182194617,-0.794919470567445,2.67084621137825,0.729628079138393,2.07153202918363,-0.0652913914290523
"312","TWM Latham ","NZL",53.6220430549006,0,26,53.6220430549006,2.06238627134233,0.756933756704907,0,-0.674454097341328,2.06238627134233,0.082479659363579
"313","PBB Rajapaksa ","SL",78.7178964946556,0,39,78.7178964946556,2.01840760242707,0.731292840125955,0,-0.674454097341328,2.01840760242707,0.0568387427846277
"314","GH Dockrell ","IRE",79.2310488752342,79.250851393189,79,158.481900268423,1.00292466930676,0.139235058075891,1.003175334091,-0.147077941993766,2.00610000339776,-0.00784288391787547
"315","KJ O'Brien ","IRE",59.7183017707443,39.875,50,99.5933017707443,1.19436603541489,0.250851262458896,0.797500000000001,-0.255202876146998,1.99186603541489,-0.00435161368810194
"316","B White ","IRE",-10.4583333333333,54.25,22,43.7916666666667,-0.475378787878788,-0.7226613239429,2.46590909090909,0.621891228950627,1.9905303030303,-0.100770094992273
"317","Azmatullah Omarzai ","AFG",20.828661782037,55.7182900432901,39,76.5469518253272,0.534068250821462,-0.134122653978791,1.42867410367411,0.0766096802813457,1.96274235449557,-0.0575129736974452
"318","Shamim Hossain ","BAN",41.1518399723323,1.9,22,43.0518399723323,1.87053818056056,0.645080419328,0.0863636363636364,-0.62905214121313,1.9569018169242,0.0160282781148701
"319","Nasir Hossain ","BAN",36.4186525055686,12.3054347826087,25,48.7240872881773,1.45674610022274,0.403826909963836,0.492217391304348,-0.415692037908808,1.94896349152709,-0.0118651279449721
"320","RJ Nicol ","NZL",28.6783712763926,11.9333333333333,21,40.611704609726,1.36563672744727,0.350707343489516,0.568253968253968,-0.375719087762645,1.93389069570124,-0.0250117442731291
"321","Samiullah Shinwari ","AFG",39.1788713459415,24.225,33,63.4038713459415,1.18723852563459,0.246695705044361,0.734090909090909,-0.288537470251649,1.9213294347255,-0.041841765207288
"322","TAM Siriwardana ","SL",25.8687403513479,14.0666666666667,21,39.9354070180146,1.23184477863562,0.272702522447193,0.66984126984127,-0.32231394638545,1.90168604847689,-0.0496114239382577
"323","WTS Porterfield ","IRE",54.8179719934405,0,29,54.8179719934405,1.89027489632553,0.656587531638453,0,-0.674454097341328,1.89027489632553,-0.0178665657028749
"324","C de Grandhomme ","NZL",49.7572793148879,27.3539855072464,41,77.1112648221344,1.2135921784119,0.26206069514253,0.667170378225523,-0.323718052431318,1.88076255663742,-0.0616573572887883
"325","E Chigumbura ","ZIM",76.574805056055,16.925,50,93.499805056055,1.5314961011211,0.447408459487403,0.3385,-0.496502325085177,1.8699961011211,-0.0490938655977732
"326","CB Mpofu ","ZIM",-11.3645833333333,64.5859805145274,29,53.2213971811941,-0.391882183908046,-0.673980235818917,2.22710277636302,0.49634911107933,1.83522059245497,-0.177631124739587
"327","MS Wade ","AUS",162.493963254287,0,89,162.493963254287,1.8257748680257,0.618982031386442,0,-0.674454097341328,1.8257748680257,-0.055472065954886
"328","Mohammad Irfan ","PAK",-4.66666666666667,42.5632352941177,21,37.896568627451,-0.222222222222222,-0.575063260119723,2.02682072829132,0.391059464386715,1.8045985060691,-0.184003795733007
"329","Shapoor Zadran ","AFG",-14.4075311942959,51.8226190476191,21,37.4150878533232,-0.68607291401409,-0.845502479556753,2.46774376417234,0.622855729271766,1.78167085015825,-0.222646750284987
"330","Soumya Sarkar ","BAN",135.12256082948,5.35833333333332,79,140.480894162813,1.71041216239848,0.551722025927688,0.0678270042194091,-0.63879697590065,1.77823916661789,-0.0870749499729622
"331","Naseem Shah ","PAK",-3.07182539682539,49.1578947368421,26,46.0860693400167,-0.11814713064713,-0.514384280813522,1.89068825910931,0.31949369141022,1.77254112846218,-0.194890589403303
"332","BC Fortuin ","RSA",-6.95694444444445,50.7916666666667,25,43.8347222222223,-0.278277777777778,-0.607745373044879,2.03166666666667,0.393607007435867,1.75338888888889,-0.214138365609012
"333","Kamran Akmal ","PAK",92.8369090846259,0,54,92.8369090846259,1.71920202008566,0.556846783298862,0,-0.674454097341328,1.71920202008566,-0.117607314042466
"334","PHKD Mendis ","SL",36.9350075458303,0.633333333333336,22,37.5683408791636,1.67886397935592,0.533328464922686,0.0287878787878789,-0.659320111965262,1.7076518581438,-0.125991647042576
"335","HH Gibbs ","RSA",37.5606623768388,0,22,37.5606623768388,1.70730283531086,0.549909192605605,0,-0.674454097341328,1.70730283531086,-0.124544904735722
"336","T Bavuma ","RSA",59.6593525946061,0,35,59.6593525946061,1.70455293127446,0.54830591397675,0,-0.674454097341328,1.70455293127446,-0.126148183364578
"337","HR Walsh ","WI",-15.2221153846154,67.6916666666667,31,52.4695512820513,-0.491035980148883,-0.731789948586625,2.18360215053764,0.473480533649853,1.69256617038875,-0.258309414936772
"338","Haider Ali ","PAK",57.3454200823436,0,34,57.3454200823436,1.68663000242187,0.537856295220776,0,-0.674454097341328,1.68663000242187,-0.136597802120552
"339","WU Tharanga ","SL",41.3665962525314,0,25,41.3665962525314,1.65466385010126,0.519219045271666,0,-0.674454097341328,1.65466385010126,-0.155235052069661
"340","Mehidy Hasan Miraz ","BAN",31.9046058561004,12.425,27,44.3296058561004,1.18165206874446,0.243438628861184,0.460185185185187,-0.432531588420415,1.64183725392965,-0.189092959559231
"341","Asghar Afghan ","AFG",74.7413937002866,3.95,48,78.6913937002866,1.55711236875597,0.462343531368622,0.0822916666666667,-0.631192803618297,1.63940403542264,-0.168849272249675
"342","C Karunaratne ","SL",11.7126523695602,48.8146417308183,37,60.5272941003785,0.316558172150277,-0.260937719551479,1.31931464137347,0.019118660696771,1.63587281352374,-0.241819058854708
"343","V Sibanda ","ZIM",35.9885882385924,0,22,35.9885882385924,1.63584491993602,0.508247030193137,0,-0.674454097341328,1.63584491993602,-0.16620706714819
"344","W Madhevere ","ZIM",71.9013816833933,6.24999999999999,48,78.1513816833933,1.49794545173736,0.427847399017939,0.130208333333333,-0.606002683222609,1.62815378507069,-0.17815528420467
"345","SO Hetmyer ","WI",99.2145580779601,0,62,99.2145580779601,1.60023480770903,0.487485239545529,0,-0.674454097341328,1.60023480770903,-0.186968857795799
"346","Fawad Alam ","PAK",16.5828167522133,18.5833333333333,22,35.1661500855466,0.753764397827878,-0.0060330433322734,0.84469696969697,-0.230391105385712,1.59846136752485,-0.236424148717985
"347","O Thomas ","WI",-13.9416666666667,46.8333333333333,21,32.8916666666667,-0.663888888888889,-0.832568510620208,2.23015873015873,0.4979556469549,1.56626984126984,-0.334612863665308
"348","CR Ervine ","ZIM",76.2789518147353,0,49,76.2789518147353,1.55671330234154,0.462110863375381,0,-0.674454097341328,1.55671330234154,-0.212343233965947
"349","Rubel Hossain ","BAN",-22.5333333333333,63.8131752305666,27,41.2798418972332,-0.834567901234568,-0.932079624195868,2.36345093446543,0.568028273201003,1.52888303323086,-0.364051350994865
"350","P Utseya ","ZIM",-24.7558621933622,71.9355072463769,31,47.1796450530147,-0.798576199785877,-0.911095355295904,2.32050023375409,0.545448795176703,1.52192403396822,-0.365646560119202
"351","FH Edwards ","WI",-9.45,48.5963146502621,26,39.1463146502621,-0.363461538461538,-0.65741012542249,1.86908902501008,0.308138825864181,1.50562748654854,-0.349271299558309
"352","GC Wilson ","IRE",49.4001084609965,0,33,49.4001084609965,1.49697298366656,0.427280420223581,0,-0.674454097341328,1.49697298366656,-0.247173677117747
"353","LJ Tucker ","IRE",70.4996166030071,0,49,70.4996166030071,1.43876768577566,0.393344941399762,0,-0.674454097341328,1.43876768577566,-0.281109155941566
"354","ADS Fletcher ","WI",84.7238321494051,0,59,84.7238321494051,1.43599715507466,0.391729636791056,0,-0.674454097341328,1.43599715507466,-0.282724460550271
"355","Sarfaraz Ahmed ","PAK",78.8449955609979,0,55,78.8449955609979,1.43354537383633,0.390300172922489,0,-0.674454097341328,1.43354537383633,-0.284153924418838
"356","Afif Hossain ","BAN",77.2812918944568,12.6666666666667,63,89.9479585611234,1.22668717292788,0.269695479693037,0.201058201058201,-0.568756421698963,1.42774537398609,-0.299060942005925
"357","SW Billings ","ENG",50.718604199558,0,36,50.718604199558,1.40885011665439,0.375902078461791,0,-0.674454097341328,1.40885011665439,-0.298552018879536
"358","Shafiqullah ","AFG",39.3105657006392,0,28,39.3105657006392,1.40394877502283,0.373044445545663,0,-0.674454097341328,1.40394877502283,-0.301409651795665
"359","Mushfiqur Rahim ","BAN",125.268616157096,0,90,125.268616157096,1.39187351285662,0.366004196317807,0,-0.674454097341328,1.39187351285662,-0.308449901023521
"360","C Campher ","IRE",52.3616000084031,4.08333333333334,41,56.4449333417364,1.2771121953269,0.299094818616099,0.0995934959349595,-0.622097113273937,1.37670569126186,-0.323002294657838
"361","S Chanderpaul ","WI",30.1641435859455,0,22,30.1641435859455,1.3710974357248,0.353891104364041,0,-0.674454097341328,1.3710974357248,-0.320562992977286
"362","DM Bravo ","WI",35.2695648570648,0,26,35.2695648570648,1.35652172527172,0.345393016881533,0,-0.674454097341328,1.35652172527172,-0.329061080459795
"363","DT Christian ","AUS",12.7593406593407,17.7416666666667,23,30.5010073260074,0.554753941710463,-0.122062259984494,0.771376811594204,-0.268936015508277,1.32613075330467,-0.390998275492771
"364","LD Chandimal ","SL",84.0008604365117,0,65,84.0008604365117,1.29232092979249,0.307961978567092,0,-0.674454097341328,1.29232092979249,-0.366492118774235
"365","Asif Ali ","PAK",65.2803399895312,0,52,65.2803399895312,1.25539115364483,0.286430783266346,0,-0.674454097341328,1.25539115364483,-0.388023314074981
"366","MJ Clarke ","AUS",37.7719354819587,4,34,41.7719354819587,1.11093927888114,0.202210897538899,0.117647058823529,-0.612606231408179,1.22858633770467,-0.41039533386928
"367","Younis Khan ","PAK",25.3912304009078,0,21,25.3912304009078,1.20910620956704,0.259445237336189,0,-0.674454097341328,1.20910620956704,-0.415008860005138
"368","C Madande ","ZIM",23.9744963369963,0,22,23.9744963369963,1.08974983349983,0.189856799182191,0,-0.674454097341328,1.08974983349983,-0.484597298159137
"369","Simi Singh ","IRE",-12.5904974110857,40.5333333333334,26,27.9428359222477,-0.484249900426372,-0.72783345539675,1.55897435897436,0.145109418408699,1.07472445854799,-0.58272403698805
"370","L Ronchi ","NZL",29.0944482418167,0,28,29.0944482418167,1.03908743720774,0.16031906397883,0,-0.674454097341328,1.03908743720774,-0.514135033362497
"371","BJ Haddin ","AUS",35.3172922890626,0,34,35.3172922890626,1.03874389085478,0.160118765888996,0,-0.674454097341328,1.03874389085478,-0.514335331452331
"372","R Mutumbami ","ZIM",20.6741730083642,0,21,20.6741730083642,0.984484428969724,0.128483830814129,0,-0.674454097341328,0.984484428969724,-0.545970266527199
"373","HDRL Thirimanne ","SL",22.7176405831011,0,26,22.7176405831011,0.873755407042351,0.063925405465264,0,-0.674454097341328,0.873755407042351,-0.610528691876064
"374","Sohaib Maqsood ","PAK",24.6878522142108,-2.3,26,22.3878522142108,0.949532777469648,0.108105943021828,-0.0884615384615385,-0.720958934994906,0.86107123900811,-0.612852991973078
"375","Nurul Hasan ","BAN",30.8273095776772,0,39,30.8273095776772,0.790443835325056,0.0153521968358653,0,-0.674454097341328,0.790443835325056,-0.659101900505462
"376","Khushdil Shah ","PAK",24.7615079365079,-2.46666666666666,29,22.2948412698413,0.853845101258894,0.0523170848351272,-0.0850574712643677,-0.719169393515983,0.768787629994526,-0.666852308680856
"377","D Ramdin ","WI",50.9313934223726,0,70,50.9313934223726,0.727591334605323,-0.0212927441658334,0,-0.674454097341328,0.727591334605323,-0.695746841507161
"378","MV Boucher ","RSA",16.5489575763787,0,24,16.5489575763787,0.689539899015778,-0.0434779014187892,0,-0.674454097341328,0.689539899015778,-0.717931998760117
"379","RW Chakabva ","ZIM",18.1717678058525,0,30,18.1717678058525,0.605725593528418,-0.0923442192981409,0,-0.674454097341328,0.605725593528418,-0.766798316639469
"380","BR McDermott ","AUS",13.9165990754005,0,24,13.9165990754005,0.579858294808352,-0.107425650022703,0,-0.674454097341328,0.579858294808352,-0.78187974736403
"381","T Marumani ","ZIM",12.733409222994,0,33,12.733409222994,0.385860885545274,-0.220532106178327,0,-0.674454097341328,0.385860885545274,-0.894986203519655
"382","AT Carey ","AUS",0.277921240266448,0,37,0.277921240266448,0.00751138487206615,-0.441121501531357,0,-0.674454097341328,0.00751138487206615,-1.11557559887268
"383","WIA Fernando ","SL",-1.9807066175512,0,35,-1.9807066175512,-0.0565916176443201,-0.47849552354075,0,-0.674454097341328,-0.0565916176443201,-1.15294962088208
